DATE,PRECIPITATION,MAX TEMP,MIN TEMP
2015-01-01,0.00001,75.0,60.0
2015-01-02,0.00000,79.0,61.0
2015-01-03,0.00000,85.0,67.0
2015-01-04,0.00000,85.0,67.0
2015-01-05,0.00001,74.0,56.0
2015-01-06,0.00000,79.0,56.0
2015-01-07,0.00000,68.0,49.0
2015-01-08,0.00000,62.0,38.0
2015-01-09,0.00000,57.0,46.0
2015-01-10,0.00000,69.0,44.0
2015-01-11,0.08000,79.0,53.0
2015-01-12,2.98000,79.0,63.0
2015-01-13,0.00000,77.0,62.0
2015-01-14,0.00000,65.0,53.0
2015-01-15,0.02000,63.0,53.0
2015-01-16,0.01000,65.0,50.0
2015-01-17,0.00000,74.0,48.0
2015-01-18,0.00000,71.0,54.0
2015-01-19,0.00000,71.0,45.0
2015-01-20,0.00000,72.0,49.0
2015-01-21,0.00000,78.0,52.0
2015-01-22,0.00000,78.0,54.0
2015-01-23,0.01000,80.0,62.0
2015-01-24,0.36000,71.0,49.0
2015-01-25,0.00000,65.0,41.0
2015-01-26,0.06000,67.0,51.0
2015-01-27,0.00000,68.0,44.0
2015-01-28,0.00000,62.0,44.0
2015-01-29,0.00000,72.0,44.0
2015-01-30,0.00001,73.0,46.0
2015-01-31,0.00000,72.0,46.0
2015-02-01,0.00000,75.0,49.0
2015-02-02,0.13000,77.0,51.0
2015-02-03,0.00000,68.0,44.0
2015-02-04,0.00001,75.0,53.0
2015-02-05,1.52000,67.0,50.0
2015-02-06,0.00000,68.0,50.0
2015-02-07,0.00000,73.0,47.0
2015-02-08,0.00000,75.0,48.0
2015-02-09,0.69000,73.0,53.0
2015-02-10,0.00000,65.0,54.0
2015-02-11,0.00000,68.0,48.0
2015-02-12,0.00000,71.0,44.0
2015-02-13,0.00000,61.0,45.0
2015-02-14,0.00000,64.0,41.0
2015-02-15,0.00000,75.0,49.0
2015-02-16,0.00000,77.0,49.0
2015-02-17,0.56000,80.0,59.0
2015-02-18,0.58000,61.0,45.0
2015-02-19,0.00000,52.0,39.0
2015-02-20,0.00000,58.0,33.0
2015-02-21,0.00000,73.0,43.0
2015-02-22,0.00000,82.0,55.0
2015-02-23,0.00001,84.0,57.0
2015-02-24,0.03000,76.0,60.0
2015-02-25,0.00001,76.0,59.0
2015-02-26,0.21000,75.0,57.0
2015-02-27,0.00001,57.0,53.0
2015-02-28,0.86000,68.0,57.0
2015-03-01,0.35000,80.0,64.0
2015-03-02,0.00000,84.0,64.0
2015-03-03,0.00000,84.0,62.0
2015-03-04,0.00000,86.0,64.0
2015-03-05,0.00000,88.0,67.0
2015-03-06,0.00001,73.0,53.0
2015-03-07,0.00001,70.0,53.0
2015-03-08,0.00000,79.0,55.0
2015-03-09,0.00000,83.0,58.0
2015-03-10,0.00000,87.0,63.0
2015-03-11,0.01000,90.0,68.0
2015-03-12,0.00000,88.0,71.0
2015-03-13,0.00000,87.0,68.0
2015-03-14,0.00000,88.0,68.0
2015-03-15,0.00000,88.0,66.0
2015-03-16,0.00000,86.0,65.0
2015-03-17,0.00000,87.0,63.0
2015-03-18,0.00000,88.0,66.0
2015-03-19,0.00001,88.0,68.0
2015-03-20,0.00000,90.0,68.0
2015-03-21,0.00000,89.0,66.0
2015-03-22,0.00000,88.0,70.0
2015-03-23,0.07000,80.0,67.0
2015-03-24,0.00000,81.0,63.0
2015-03-25,0.00000,82.0,63.0
2015-03-26,0.01000,88.0,63.0
2015-03-27,0.31000,84.0,61.0
2015-03-28,0.00000,70.0,54.0
2015-03-29,0.00000,72.0,48.0
2015-03-30,0.00000,78.0,45.0
2015-03-31,0.00000,84.0,58.0
2015-04-01,0.00000,85.0,64.0
2015-04-02,0.00000,86.0,63.0
2015-04-03,0.00000,87.0,65.0
2015-04-04,0.00000,87.0,63.0
2015-04-05,0.01000,84.0,66.0
2015-04-06,0.00000,86.0,67.0
2015-04-07,0.00001,88.0,66.0
2015-04-08,0.00000,89.0,65.0
2015-04-09,0.00000,89.0,64.0
2015-04-10,0.00000,90.0,65.0
2015-04-11,1.50000,91.0,69.0
2015-04-12,0.15000,90.0,67.0
2015-04-13,0.59000,89.0,70.0
2015-04-14,0.00000,88.0,68.0
2015-04-15,0.00001,90.0,71.0
2015-04-16,0.34000,87.0,71.0
2015-04-17,0.00001,85.0,70.0
2015-04-18,0.00000,89.0,71.0
2015-04-19,0.00001,92.0,72.0
2015-04-20,0.53000,86.0,66.0
2015-04-21,0.00000,88.0,67.0
2015-04-22,0.00000,88.0,69.0
2015-04-23,0.54000,84.0,68.0
2015-04-24,0.00000,86.0,70.0
2015-04-25,0.00000,90.0,68.0
2015-04-26,0.22000,89.0,76.0
2015-04-27,0.00000,83.0,71.0
2015-04-28,0.33000,82.0,70.0
2015-04-29,0.00000,88.0,70.0
2015-04-30,0.00000,80.0,68.0
2015-05-01,0.00000,84.0,61.0
2015-05-02,0.00000,82.0,60.0
2015-05-03,0.00000,83.0,61.0
2015-05-04,0.00001,83.0,65.0
2015-05-05,0.07000,82.0,68.0
2015-05-06,0.00001,84.0,70.0
2015-05-07,0.00000,87.0,66.0
2015-05-08,0.00000,89.0,62.0
2015-05-09,0.00000,92.0,67.0
2015-05-10,0.00000,93.0,68.0
2015-05-11,0.00000,92.0,71.0
2015-05-12,0.00000,92.0,71.0
2015-05-13,0.00000,93.0,71.0
2015-05-14,0.00000,92.0,72.0
2015-05-15,0.39000,86.0,72.0
2015-05-16,0.00000,89.0,70.0
2015-05-17,0.00000,88.0,73.0
2015-05-18,0.00000,89.0,69.0
2015-05-19,0.00001,93.0,69.0
2015-05-20,0.16000,95.0,71.0
2015-05-21,0.16000,93.0,71.0
2015-05-22,0.00000,95.0,74.0
2015-05-23,0.00000,93.0,74.0
2015-05-24,0.00000,90.0,75.0
2015-05-25,0.15000,90.0,71.0
2015-05-26,0.00000,92.0,74.0
2015-05-27,0.00001,90.0,72.0
2015-05-28,0.00000,89.0,70.0
2015-05-29,0.00000,91.0,68.0
2015-05-30,0.00001,92.0,71.0
2015-05-31,0.00000,91.0,70.0
2015-06-01,0.21000,92.0,71.0
2015-06-02,0.21000,83.0,70.0
2015-06-03,0.00001,88.0,70.0
2015-06-04,0.00000,92.0,69.0
2015-06-05,0.41000,93.0,70.0
2015-06-06,0.00001,91.0,69.0
2015-06-07,0.00000,90.0,71.0
2015-06-08,0.00001,91.0,71.0
2015-06-09,0.61000,93.0,70.0
2015-06-10,0.32000,89.0,69.0
2015-06-11,0.00000,89.0,71.0
2015-06-12,0.02000,91.0,72.0
2015-06-13,0.00000,93.0,77.0
2015-06-14,0.00000,94.0,74.0
2015-06-15,0.00000,94.0,74.0
2015-06-16,0.00000,96.0,76.0
2015-06-17,0.00000,96.0,74.0
2015-06-18,0.00001,97.0,76.0
2015-06-19,1.47000,100.0,73.0
2015-06-20,0.03000,95.0,74.0
2015-06-21,0.00000,96.0,74.0
2015-06-22,0.00000,96.0,78.0
2015-06-23,0.00001,96.0,75.0
2015-06-24,0.00001,95.0,75.0
2015-06-25,2.54000,94.0,72.0
2015-06-26,0.00001,95.0,74.0
2015-06-27,0.87000,93.0,75.0
2015-06-28,0.05000,93.0,75.0
2015-06-29,0.05000,91.0,75.0
2015-06-30,0.00000,95.0,75.0
2015-07-01,0.04000,94.0,75.0
2015-07-02,0.88000,94.0,73.0
2015-07-03,0.00001,95.0,73.0
2015-07-04,0.00000,95.0,73.0
2015-07-05,0.95000,94.0,73.0
2015-07-06,0.00001,94.0,72.0
2015-07-07,0.03000,90.0,73.0
2015-07-08,0.54000,94.0,72.0
2015-07-09,0.05000,94.0,75.0
2015-07-10,0.00000,94.0,74.0
2015-07-11,0.03000,97.0,74.0
2015-07-12,0.00000,96.0,75.0
2015-07-13,0.00000,95.0,74.0
2015-07-14,0.01000,93.0,77.0
2015-07-15,0.10000,93.0,77.0
2015-07-16,0.00001,90.0,74.0
2015-07-17,0.16000,91.0,75.0
2015-07-18,0.00001,92.0,74.0
2015-07-19,0.00000,94.0,74.0
2015-07-20,0.00001,92.0,74.0
2015-07-21,0.47000,93.0,76.0
2015-07-22,0.03000,93.0,76.0
2015-07-23,0.00000,94.0,76.0
2015-07-24,0.15000,88.0,76.0
2015-07-25,0.95000,89.0,74.0
2015-07-26,0.02000,92.0,75.0
2015-07-27,0.42000,89.0,76.0
2015-07-28,1.06000,88.0,76.0
2015-07-29,1.32000,93.0,74.0
2015-07-30,0.05000,92.0,75.0
2015-07-31,0.16000,90.0,74.0
2015-08-01,2.12000,89.0,72.0
2015-08-02,0.76000,87.0,72.0
2015-08-03,0.00001,82.0,74.0
2015-08-04,0.44000,91.0,73.0
2015-08-05,0.00000,94.0,73.0
2015-08-06,0.00001,93.0,74.0
2015-08-07,0.03000,88.0,75.0
2015-08-08,0.00001,88.0,74.0
2015-08-09,0.00000,94.0,74.0
2015-08-10,0.10000,93.0,76.0
2015-08-11,0.00000,96.0,73.0
2015-08-12,0.00001,94.0,77.0
2015-08-13,3.03000,90.0,71.0
2015-08-14,0.00001,91.0,71.0
2015-08-15,0.21000,92.0,73.0
2015-08-16,0.89000,91.0,74.0
2015-08-17,0.05000,90.0,76.0
2015-08-18,0.01000,93.0,75.0
2015-08-19,0.00001,94.0,77.0
2015-08-20,1.44000,92.0,75.0
2015-08-21,0.01000,96.0,75.0
2015-08-22,0.58000,94.0,78.0
2015-08-23,0.00001,95.0,77.0
2015-08-24,0.00000,92.0,75.0
2015-08-25,0.00000,96.0,77.0
2015-08-26,0.10000,94.0,73.0
2015-08-27,0.84000,85.0,72.0
2015-08-28,0.40000,91.0,73.0
2015-08-29,1.24000,91.0,73.0
2015-08-30,0.02000,88.0,73.0
2015-08-31,3.59000,91.0,75.0
2015-09-01,0.00000,92.0,75.0
2015-09-02,0.16000,94.0,77.0
2015-09-03,0.00000,93.0,76.0
2015-09-04,1.39000,91.0,72.0
2015-09-05,0.81000,92.0,72.0
2015-09-06,0.02000,91.0,75.0
2015-09-07,0.01000,86.0,75.0
2015-09-08,0.02000,91.0,75.0
2015-09-09,0.00000,93.0,74.0
2015-09-10,0.00001,92.0,77.0
2015-09-11,0.00000,94.0,75.0
2015-09-12,0.50000,89.0,73.0
2015-09-13,0.12000,82.0,73.0
2015-09-14,0.00000,89.0,70.0
2015-09-15,0.35000,89.0,75.0
2015-09-16,0.20000,87.0,73.0
2015-09-17,0.08000,82.0,73.0
2015-09-18,0.00001,88.0,73.0
2015-09-19,0.00001,90.0,75.0
2015-09-20,0.00000,91.0,74.0
2015-09-21,0.00000,91.0,71.0
2015-09-22,0.00000,90.0,71.0
2015-09-23,0.00001,89.0,74.0
2015-09-24,0.00001,88.0,74.0
2015-09-25,1.75000,90.0,73.0
2015-09-26,0.04000,91.0,74.0
2015-09-27,0.06000,90.0,76.0
2015-09-28,0.00000,87.0,76.0
2015-09-29,0.47000,84.0,74.0
2015-09-30,0.00000,91.0,75.0
2015-10-01,0.00000,91.0,77.0
2015-10-02,0.17000,88.0,74.0
2015-10-03,0.01000,86.0,68.0
2015-10-04,0.00001,77.0,64.0
2015-10-05,0.00000,82.0,64.0
2015-10-06,0.05000,83.0,67.0
2015-10-07,0.00000,87.0,67.0
2015-10-08,0.00001,88.0,70.0
2015-10-09,0.00000,88.0,73.0
2015-10-10,0.05000,88.0,72.0
2015-10-11,0.00000,86.0,66.0
2015-10-12,0.00000,84.0,66.0
2015-10-13,0.00000,86.0,62.0
2015-10-14,0.00000,88.0,66.0
2015-10-15,0.00000,86.0,67.0
2015-10-16,0.00000,83.0,65.0
2015-10-17,0.00000,87.0,60.0
2015-10-18,0.00000,83.0,68.0
2015-10-19,0.00000,80.0,63.0
2015-10-20,0.00000,82.0,64.0
2015-10-21,0.07000,84.0,67.0
2015-10-22,0.00001,86.0,68.0
2015-10-23,0.00000,86.0,67.0
2015-10-24,0.00000,86.0,64.0
2015-10-25,0.00000,86.0,70.0
2015-10-26,0.00000,87.0,67.0
2015-10-27,0.02000,81.0,71.0
2015-10-28,0.13000,83.0,68.0
2015-10-29,0.00000,88.0,65.0
2015-10-30,0.00000,86.0,63.0
2015-10-31,0.00000,86.0,66.0
2015-11-01,0.00000,88.0,67.0
2015-11-02,0.00000,91.0,73.0
2015-11-03,0.00000,90.0,71.0
2015-11-04,0.14000,90.0,72.0
2015-11-05,0.00001,88.0,72.0
2015-11-06,0.00001,90.0,70.0
2015-11-07,0.00001,90.0,69.0
2015-11-08,0.00000,89.0,70.0
2015-11-09,0.00000,91.0,75.0
2015-11-10,0.01000,87.0,68.0
2015-11-11,0.00000,86.0,65.0
2015-11-12,0.00000,88.0,61.0
2015-11-13,0.00000,84.0,64.0
2015-11-14,0.00000,81.0,56.0
2015-11-15,0.00000,79.0,64.0
2015-11-16,0.00000,85.0,63.0
2015-11-17,0.00000,85.0,69.0
2015-11-18,0.01000,88.0,71.0
2015-11-19,1.15000,85.0,71.0
2015-11-20,0.03000,85.0,71.0
2015-11-21,1.28000,80.0,68.0
2015-11-22,0.16000,79.0,61.0
2015-11-23,0.00000,67.0,48.0
2015-11-24,0.00000,74.0,52.0
2015-11-25,0.00001,79.0,60.0
2015-11-26,0.01000,81.0,63.0
2015-11-27,0.02000,80.0,63.0
2015-11-28,0.00001,81.0,63.0
2015-11-29,0.00001,77.0,62.0
2015-11-30,0.01000,80.0,65.0
2015-12-01,0.01000,80.0,65.0
2015-12-02,0.12000,82.0,66.0
2015-12-03,0.04000,71.0,60.0
2015-12-04,0.03000,78.0,61.0
2015-12-05,0.00001,80.0,65.0
2015-12-06,0.00000,82.0,63.0
2015-12-07,0.00000,73.0,56.0
2015-12-08,0.00000,78.0,54.0
2015-12-09,0.00001,76.0,61.0
2015-12-10,0.00000,80.0,61.0
2015-12-11,0.00000,80.0,56.0
2015-12-12,0.00000,83.0,61.0
2015-12-13,0.02000,82.0,62.0
2015-12-14,0.05000,83.0,66.0
2015-12-15,0.00000,81.0,64.0
2015-12-16,0.00000,84.0,65.0
2015-12-17,0.00000,85.0,68.0
2015-12-18,0.23000,75.0,55.0
2015-12-19,0.00000,68.0,47.0
2015-12-20,0.00000,75.0,50.0
2015-12-21,0.00001,81.0,57.0
2015-12-22,0.00000,83.0,67.0
2015-12-23,0.00000,80.0,71.0
2015-12-24,0.00000,84.0,68.0
2015-12-25,0.01000,86.0,69.0
2015-12-26,0.21000,85.0,66.0
2015-12-27,0.00000,82.0,67.0
2015-12-28,0.00000,86.0,69.0
2015-12-29,0.00000,85.0,69.0
2015-12-30,0.00000,87.0,65.0
2015-12-31,0.00001,82.0,67.0
2016-01-01,0.00001,84.0,66.0
2016-01-02,0.00001,73.0,58.0
2016-01-03,0.14000,61.0,49.0
2016-01-04,0.00000,65.0,48.0
2016-01-05,0.00000,69.0,50.0
2016-01-06,0.02000,72.0,55.0
2016-01-07,0.00001,75.0,57.0
2016-01-08,0.31000,72.0,59.0
2016-01-09,0.22000,71.0,58.0
2016-01-10,0.00000,71.0,54.0
2016-01-11,0.00000,60.0,43.0
2016-01-12,0.00000,67.0,41.0
2016-01-13,0.00000,62.0,45.0
2016-01-14,0.00000,71.0,47.0
2016-01-15,1.00000,75.0,58.0
2016-01-16,0.00001,78.0,50.0
2016-01-17,1.22000,71.0,51.0
2016-01-18,0.00000,61.0,43.0
2016-01-19,0.00000,56.0,39.0
2016-01-20,0.00000,66.0,38.0
2016-01-21,0.00000,71.0,42.0
2016-01-22,0.05000,70.0,55.0
2016-01-23,0.02000,56.0,41.0
2016-01-24,0.00000,55.0,34.0
2016-01-25,0.00000,70.0,36.0
2016-01-26,0.00001,76.0,49.0
2016-01-27,1.74000,67.0,63.0
2016-01-28,0.93000,67.0,61.0
2016-01-29,0.00001,66.0,50.0
2016-01-30,0.00000,72.0,45.0
2016-01-31,0.00000,72.0,53.0
2016-02-01,0.00000,82.0,61.0
2016-02-02,0.00000,84.0,63.0
2016-02-03,0.00000,84.0,68.0
2016-02-04,0.11000,81.0,55.0
2016-02-05,0.00000,61.0,45.0
2016-02-06,0.55000,68.0,47.0
2016-02-07,0.01000,59.0,45.0
2016-02-08,0.00001,66.0,37.0
2016-02-09,0.00000,60.0,49.0
2016-02-10,0.00000,61.0,41.0
2016-02-11,0.00000,67.0,35.0
2016-02-12,0.00000,76.0,40.0
2016-02-13,0.00000,70.0,49.0
2016-02-14,0.00000,72.0,44.0
2016-02-15,0.01000,76.0,52.0
2016-02-16,0.49000,77.0,56.0
2016-02-17,0.00000,75.0,47.0
2016-02-18,0.00000,73.0,50.0
2016-02-19,0.00000,75.0,51.0
2016-02-20,0.00000,77.0,51.0
2016-02-21,0.00000,78.0,53.0
2016-02-22,0.00001,81.0,54.0
2016-02-23,0.06000,81.0,60.0
2016-02-24,0.46000,82.0,58.0
2016-02-25,0.00000,66.0,49.0
2016-02-26,0.00000,65.0,46.0
2016-02-27,0.00000,68.0,43.0
2016-02-28,0.00000,73.0,43.0
2016-02-29,0.00000,77.0,52.0
2016-03-01,0.00000,81.0,56.0
2016-03-02,0.00000,82.0,58.0
2016-03-03,0.00000,80.0,55.0
2016-03-04,0.07000,78.0,54.0
2016-03-05,0.00000,75.0,52.0
2016-03-06,0.00000,76.0,52.0
2016-03-07,0.00000,78.0,51.0
2016-03-08,0.00000,80.0,56.0
2016-03-09,0.00000,83.0,60.0
2016-03-10,0.00000,86.0,64.0
2016-03-11,0.00000,85.0,62.0
2016-03-12,0.00000,84.0,61.0
2016-03-13,0.00001,86.0,65.0
2016-03-14,0.00001,87.0,69.0
2016-03-15,0.00000,90.0,69.0
2016-03-16,0.00000,88.0,66.0
2016-03-17,0.00000,87.0,64.0
2016-03-18,0.00000,86.0,62.0
2016-03-19,0.11000,77.0,66.0
2016-03-20,0.06000,82.0,65.0
2016-03-21,0.00000,66.0,47.0
2016-03-22,0.00000,75.0,43.0
2016-03-23,0.00000,80.0,51.0
2016-03-24,3.30000,84.0,55.0
2016-03-25,0.81000,81.0,62.0
2016-03-26,0.47000,87.0,66.0
2016-03-27,0.00000,87.0,72.0
2016-03-28,0.18000,80.0,72.0
2016-03-29,0.30000,80.0,66.0
2016-03-30,0.01000,81.0,64.0
2016-03-31,0.00000,88.0,67.0
2016-04-01,0.00000,89.0,68.0
2016-04-02,0.41000,78.0,69.0
2016-04-03,0.00000,77.0,58.0
2016-04-04,0.00000,82.0,57.0
2016-04-05,0.00000,85.0,59.0
2016-04-06,0.02000,78.0,61.0
2016-04-07,0.06000,83.0,61.0
2016-04-08,0.00000,86.0,58.0
2016-04-09,0.00000,77.0,56.0
2016-04-10,0.00000,80.0,55.0
2016-04-11,0.00000,82.0,59.0
2016-04-12,0.00000,83.0,57.0
2016-04-13,0.12000,85.0,63.0
2016-04-14,0.01000,86.0,66.0
2016-04-15,0.00001,81.0,67.0
2016-04-16,0.00001,80.0,65.0
2016-04-17,0.00000,80.0,61.0
2016-04-18,0.00001,81.0,60.0
2016-04-19,0.00000,82.0,59.0
2016-04-20,0.00000,81.0,56.0
2016-04-21,0.00000,85.0,61.0
2016-04-22,0.01000,86.0,62.0
2016-04-23,0.00001,85.0,67.0
2016-04-24,0.00000,88.0,63.0
2016-04-25,0.00000,84.0,66.0
2016-04-26,0.00000,88.0,62.0
2016-04-27,0.00000,88.0,64.0
2016-04-28,0.64000,89.0,65.0
2016-04-29,0.00001,90.0,68.0
2016-04-30,0.00000,87.0,71.0
2016-05-01,0.00000,89.0,68.0
2016-05-02,1.66000,92.0,70.0
2016-05-03,0.21000,90.0,71.0
2016-05-04,0.77000,75.0,67.0
2016-05-05,0.00000,82.0,58.0
2016-05-06,0.00000,78.0,53.0
2016-05-07,0.00000,81.0,56.0
2016-05-08,0.00000,86.0,56.0
2016-05-09,0.00000,86.0,59.0
2016-05-10,0.00000,88.0,65.0
2016-05-11,0.00000,88.0,68.0
2016-05-12,0.00000,87.0,68.0
2016-05-13,0.00000,91.0,67.0
2016-05-14,0.00000,91.0,66.0
2016-05-15,0.00000,91.0,62.0
2016-05-16,0.06000,92.0,66.0
2016-05-17,1.91000,89.0,69.0
2016-05-18,0.00000,90.0,69.0
2016-05-19,0.10000,89.0,71.0
2016-05-20,0.00001,88.0,70.0
2016-05-21,0.02000,91.0,72.0
2016-05-22,0.00000,90.0,71.0
2016-05-23,0.00000,89.0,68.0
2016-05-24,0.00000,88.0,70.0
2016-05-25,0.00000,89.0,68.0
2016-05-26,0.00000,87.0,64.0
2016-05-27,0.00001,88.0,70.0
2016-05-28,0.00000,93.0,70.0
2016-05-29,0.35000,94.0,71.0
2016-05-30,0.02000,91.0,71.0
2016-05-31,1.07000,93.0,70.0
2016-06-01,0.11000,92.0,70.0
2016-06-02,0.00000,93.0,72.0
2016-06-03,0.00000,94.0,74.0
2016-06-04,0.00000,93.0,74.0
2016-06-05,1.18000,94.0,73.0
2016-06-06,0.87000,86.0,74.0
2016-06-07,1.40000,88.0,77.0
2016-06-08,0.01000,89.0,75.0
2016-06-09,0.10000,88.0,74.0
2016-06-10,0.00000,92.0,74.0
2016-06-11,0.00001,89.0,75.0
2016-06-12,0.01000,91.0,73.0
2016-06-13,0.00000,96.0,75.0
2016-06-14,0.82000,95.0,75.0
2016-06-15,0.00001,93.0,75.0
2016-06-16,0.02000,93.0,77.0
2016-06-17,0.00001,90.0,77.0
2016-06-18,0.98000,95.0,72.0
2016-06-19,0.05000,88.0,73.0
2016-06-20,0.01000,87.0,71.0
2016-06-21,0.00000,87.0,68.0
2016-06-22,0.00000,93.0,71.0
2016-06-23,0.00000,94.0,74.0
2016-06-24,0.00000,96.0,74.0
2016-06-25,0.00000,96.0,77.0
2016-06-26,0.58000,93.0,73.0
2016-06-27,0.00000,95.0,72.0
2016-06-28,0.36000,92.0,74.0
2016-06-29,0.85000,92.0,71.0
2016-06-30,0.36000,93.0,74.0
2016-07-01,0.38000,93.0,75.0
2016-07-02,0.45000,91.0,74.0
2016-07-03,0.00000,93.0,75.0
2016-07-04,0.00001,95.0,77.0
2016-07-05,0.01000,96.0,78.0
2016-07-06,0.00001,96.0,79.0
2016-07-07,0.00000,96.0,79.0
2016-07-08,0.00000,98.0,78.0
2016-07-09,0.00001,96.0,79.0
2016-07-10,0.00001,95.0,76.0
2016-07-11,0.05000,96.0,77.0
2016-07-12,0.00001,96.0,76.0
2016-07-13,0.07000,94.0,75.0
2016-07-14,0.00001,96.0,73.0
2016-07-15,0.04000,95.0,76.0
2016-07-16,0.07000,96.0,76.0
2016-07-17,0.04000,93.0,77.0
2016-07-18,0.72000,94.0,73.0
2016-07-19,0.09000,92.0,77.0
2016-07-20,0.01000,94.0,75.0
2016-07-21,0.61000,93.0,76.0
2016-07-22,0.00001,93.0,73.0
2016-07-23,0.00001,93.0,73.0
2016-07-24,0.00000,95.0,74.0
2016-07-25,0.00000,94.0,73.0
2016-07-26,0.00000,95.0,75.0
2016-07-27,0.00000,96.0,76.0
2016-07-28,0.00000,96.0,76.0
2016-07-29,1.45000,97.0,76.0
2016-07-30,0.00000,95.0,75.0
2016-07-31,0.00000,92.0,75.0
2016-08-01,0.00000,95.0,74.0
2016-08-02,0.02000,95.0,77.0
2016-08-03,0.01000,92.0,75.0
2016-08-04,1.35000,91.0,74.0
2016-08-05,0.01000,94.0,74.0
2016-08-06,0.00000,90.0,75.0
2016-08-07,0.29000,91.0,75.0
2016-08-08,0.77000,86.0,75.0
2016-08-09,0.07000,89.0,74.0
2016-08-10,0.42000,92.0,74.0
2016-08-11,0.00000,93.0,75.0
2016-08-12,0.33000,93.0,75.0
2016-08-13,1.01000,94.0,70.0
2016-08-14,0.12000,90.0,77.0
2016-08-15,0.00001,92.0,78.0
2016-08-16,2.62000,89.0,74.0
2016-08-17,0.00000,92.0,76.0
2016-08-18,0.61000,91.0,75.0
2016-08-19,0.00000,94.0,75.0
2016-08-20,0.00000,94.0,75.0
2016-08-21,0.00000,95.0,77.0
2016-08-22,0.00000,96.0,76.0
2016-08-23,0.07000,97.0,78.0
2016-08-24,0.46000,90.0,77.0
2016-08-25,0.00000,92.0,76.0
2016-08-26,0.00001,91.0,78.0
2016-08-27,0.03000,92.0,77.0
2016-08-28,0.37000,92.0,79.0
2016-08-29,0.47000,88.0,75.0
2016-08-30,0.01000,90.0,74.0
2016-08-31,0.86000,86.0,74.0
2016-09-01,0.17000,87.0,74.0
2016-09-02,0.35000,86.0,75.0
2016-09-03,0.39000,88.0,75.0
2016-09-04,2.32000,92.0,73.0
2016-09-05,0.03000,87.0,72.0
2016-09-06,0.00000,89.0,71.0
2016-09-07,0.00000,90.0,73.0
2016-09-08,0.00000,90.0,72.0
2016-09-09,0.00001,91.0,74.0
2016-09-10,0.00001,92.0,76.0
2016-09-11,0.00000,92.0,76.0
2016-09-12,0.02000,91.0,77.0
2016-09-13,1.26000,88.0,76.0
2016-09-14,0.03000,89.0,75.0
2016-09-15,0.01000,91.0,75.0
2016-09-16,0.03000,92.0,74.0
2016-09-17,0.12000,92.0,76.0
2016-09-18,0.00000,93.0,76.0
2016-09-19,0.85000,94.0,74.0
2016-09-20,0.24000,90.0,72.0
2016-09-21,0.00001,92.0,76.0
2016-09-22,0.07000,93.0,76.0
2016-09-23,0.00001,92.0,74.0
2016-09-24,0.00000,94.0,75.0
2016-09-25,0.04000,93.0,75.0
2016-09-26,0.19000,87.0,72.0
2016-09-27,0.16000,90.0,70.0
2016-09-28,0.03000,90.0,71.0
2016-09-29,0.01000,89.0,71.0
2016-09-30,0.94000,91.0,72.0
2016-10-01,0.00000,89.0,71.0
2016-10-02,0.00001,90.0,73.0
2016-10-03,0.13000,88.0,74.0
2016-10-04,0.49000,88.0,75.0
2016-10-05,0.00001,92.0,74.0
2016-10-06,1.25000,86.0,73.0
2016-10-07,0.74000,78.0,76.0
2016-10-08,0.00000,89.0,73.0
2016-10-09,0.00000,86.0,68.0
2016-10-10,0.00000,82.0,65.0
2016-10-11,0.03000,83.0,68.0
2016-10-12,0.05000,83.0,71.0
2016-10-13,0.00001,86.0,69.0
2016-10-14,0.00001,85.0,71.0
2016-10-15,0.05000,88.0,73.0
2016-10-16,0.03000,85.0,72.0
2016-10-17,0.00001,86.0,70.0
2016-10-18,0.00000,88.0,69.0
2016-10-19,0.00000,86.0,67.0
2016-10-20,0.00000,86.0,66.0
2016-10-21,0.00001,87.0,68.0
2016-10-22,0.00000,76.0,57.0
2016-10-23,0.00000,79.0,54.0
2016-10-24,0.00000,80.0,58.0
2016-10-25,0.00000,82.0,59.0
2016-10-26,0.00001,85.0,62.0
2016-10-27,0.00001,84.0,66.0
2016-10-28,0.00000,84.0,67.0
2016-10-29,0.00000,84.0,69.0
2016-10-30,0.00000,87.0,66.0
2016-10-31,0.00000,85.0,62.0
2016-11-01,0.00000,86.0,62.0
2016-11-02,0.00000,85.0,67.0
2016-11-03,0.00001,84.0,63.0
2016-11-04,0.00001,85.0,61.0
2016-11-05,0.00000,82.0,63.0
2016-11-06,0.02000,81.0,62.0
2016-11-07,0.00000,81.0,63.0
2016-11-08,0.00000,83.0,59.0
2016-11-09,0.00001,79.0,61.0
2016-11-10,0.00000,80.0,58.0
2016-11-11,0.00000,79.0,54.0
2016-11-12,0.00000,80.0,57.0
2016-11-13,0.00000,82.0,57.0
2016-11-14,0.00001,72.0,64.0
2016-11-15,0.00000,73.0,57.0
2016-11-16,0.00000,78.0,52.0
2016-11-17,0.00000,79.0,50.0
2016-11-18,0.00000,80.0,57.0
2016-11-19,0.00000,80.0,56.0
2016-11-20,0.00000,68.0,50.0
2016-11-21,0.00000,69.0,38.0
2016-11-22,0.00000,77.0,41.0
2016-11-23,0.00000,81.0,54.0
2016-11-24,0.00000,83.0,59.0
2016-11-25,0.00000,85.0,60.0
2016-11-26,0.00000,78.0,59.0
2016-11-27,0.00000,78.0,56.0
2016-11-28,0.00000,80.0,57.0
2016-11-29,0.00000,84.0,64.0
2016-11-30,0.04000,86.0,65.0
2016-12-01,0.00000,86.0,65.0
2016-12-02,0.00000,76.0,56.0
2016-12-03,0.00000,78.0,54.0
2016-12-04,0.00000,83.0,58.0
2016-12-05,0.00001,87.0,62.0
2016-12-06,0.76000,86.0,66.0
2016-12-07,0.00000,78.0,62.0
2016-12-08,0.00000,74.0,56.0
2016-12-09,0.00001,63.0,50.0
2016-12-10,0.00000,74.0,51.0
2016-12-11,0.02000,76.0,54.0
2016-12-12,0.00000,82.0,64.0
2016-12-13,0.00000,84.0,62.0
2016-12-14,0.00000,84.0,62.0
2016-12-15,0.00000,76.0,55.0
2016-12-16,0.00000,79.0,53.0
2016-12-17,0.00000,85.0,59.0
2016-12-18,0.19000,88.0,67.0
2016-12-19,1.13000,86.0,69.0
2016-12-20,0.36000,71.0,62.0
2016-12-21,0.00001,67.0,54.0
2016-12-22,0.00000,78.0,52.0
2016-12-23,0.00000,80.0,58.0
2016-12-24,0.00000,82.0,61.0
2016-12-25,0.00000,83.0,64.0
2016-12-26,0.04000,82.0,66.0
2016-12-27,0.00000,84.0,63.0
2016-12-28,0.00000,83.0,62.0
2016-12-29,0.02000,82.0,61.0
2016-12-30,0.00000,62.0,45.0
2016-12-31,0.00000,75.0,41.0
2017-01-01,0.00000,81.0,53.0
2017-01-02,0.00000,85.0,58.0
2017-01-03,0.00001,86.0,67.0
2017-01-04,0.20000,78.0,59.0
2017-01-05,0.00000,75.0,57.0
2017-01-06,0.34000,79.0,49.0
2017-01-07,0.53000,73.0,43.0
2017-01-08,0.00000,55.0,36.0
2017-01-09,0.00000,68.0,41.0
2017-01-10,0.00001,73.0,47.0
2017-01-11,0.00000,77.0,53.0
2017-01-12,0.00000,79.0,59.0
2017-01-13,0.06000,75.0,61.0
2017-01-14,0.01000,78.0,60.0
2017-01-15,0.00000,80.0,59.0
2017-01-16,0.00000,81.0,57.0
2017-01-17,0.00000,81.0,57.0
2017-01-18,0.00000,81.0,57.0
2017-01-19,0.00000,82.0,58.0
2017-01-20,0.00000,83.0,58.0
2017-01-21,0.00000,83.0,61.0
2017-01-22,0.58000,86.0,66.0
2017-01-23,0.01000,73.0,60.0
2017-01-24,0.00000,75.0,51.0
2017-01-25,0.00000,78.0,45.0
2017-01-26,0.00000,82.0,62.0
2017-01-27,0.00000,70.0,55.0
2017-01-28,0.00001,59.0,47.0
2017-01-29,0.25000,55.0,46.0
2017-01-30,0.00000,62.0,42.0
2017-01-31,0.00000,71.0,38.0
2017-02-01,0.00000,75.0,43.0
2017-02-02,0.00000,78.0,51.0
2017-02-03,0.00000,80.0,55.0
2017-02-04,0.00000,78.0,57.0
2017-02-05,0.00000,78.0,56.0
2017-02-06,0.00000,80.0,50.0
2017-02-07,0.00001,83.0,58.0
2017-02-08,0.37000,84.0,58.0
2017-02-09,0.00001,83.0,59.0
2017-02-10,0.00000,73.0,49.0
2017-02-11,0.00000,80.0,49.0
2017-02-12,0.00000,82.0,53.0
2017-02-13,0.00000,78.0,61.0
2017-02-14,0.00000,83.0,59.0
2017-02-15,0.00001,84.0,59.0
2017-02-16,0.00000,72.0,53.0
2017-02-17,0.00000,76.0,46.0
2017-02-18,0.01000,81.0,53.0
2017-02-19,0.09000,82.0,62.0
2017-02-20,0.00000,84.0,55.0
2017-02-21,0.00000,80.0,59.0
2017-02-22,0.28000,72.0,64.0
2017-02-23,0.20000,79.0,62.0
2017-02-24,0.00000,84.0,65.0
2017-02-25,0.00000,82.0,59.0
2017-02-26,0.00000,78.0,55.0
2017-02-27,0.00000,87.0,55.0
2017-02-28,0.00000,86.0,63.0
2017-03-01,0.00000,87.0,62.0
2017-03-02,0.00001,86.0,63.0
2017-03-03,0.00000,75.0,57.0
2017-03-04,0.00001,76.0,51.0
2017-03-05,0.00000,76.0,61.0
2017-03-06,0.00000,78.0,60.0
2017-03-07,0.00000,80.0,59.0
2017-03-08,0.00001,84.0,58.0
2017-03-09,0.00000,86.0,58.0
2017-03-10,0.00000,86.0,60.0
2017-03-11,0.00000,86.0,59.0
2017-03-12,0.00001,78.0,61.0
2017-03-13,0.06000,80.0,63.0
2017-03-14,0.03000,69.0,54.0
2017-03-15,0.00000,61.0,46.0
2017-03-16,0.00000,65.0,38.0
2017-03-17,0.00000,74.0,42.0
2017-03-18,0.00000,79.0,48.0
2017-03-19,0.00000,82.0,53.0
2017-03-20,0.00000,79.0,49.0
2017-03-21,0.00000,83.0,49.0
2017-03-22,0.00000,87.0,55.0
2017-03-23,0.00001,81.0,65.0
2017-03-24,0.00000,82.0,62.0
2017-03-25,0.00000,83.0,58.0
2017-03-26,0.00000,84.0,58.0
2017-03-27,0.00000,85.0,59.0
2017-03-28,0.00000,88.0,60.0
2017-03-29,0.00000,91.0,61.0
2017-03-30,0.00000,90.0,63.0
2017-03-31,0.01000,89.0,65.0
2017-04-01,0.00000,90.0,59.0
2017-04-02,0.00000,90.0,64.0
2017-04-03,0.00000,93.0,71.0
2017-04-04,0.00001,88.0,68.0
2017-04-05,0.00000,96.0,64.0
2017-04-06,0.00001,84.0,61.0
2017-04-07,0.00000,75.0,54.0
2017-04-08,0.00000,78.0,46.0
2017-04-09,0.00000,84.0,51.0
2017-04-10,0.00000,83.0,59.0
2017-04-11,0.00000,85.0,58.0
2017-04-12,0.00000,85.0,61.0
2017-04-13,0.00000,84.0,62.0
2017-04-14,0.00000,85.0,62.0
2017-04-15,0.00000,84.0,64.0
2017-04-16,0.00000,86.0,61.0
2017-04-17,0.00000,87.0,61.0
2017-04-18,0.00000,90.0,60.0
2017-04-19,0.00001,88.0,64.0
2017-04-20,0.00000,88.0,63.0
2017-04-21,0.00000,89.0,58.0
2017-04-22,0.00000,90.0,64.0
2017-04-23,0.00000,87.0,69.0
2017-04-24,0.00001,86.0,64.0
2017-04-25,0.00000,84.0,54.0
2017-04-26,0.00000,86.0,53.0
2017-04-27,0.00000,94.0,65.0
2017-04-28,0.00000,94.0,67.0
2017-04-29,0.00000,91.0,71.0
2017-04-30,0.00000,89.0,71.0
2017-05-01,0.02000,91.0,69.0
2017-05-02,0.07000,83.0,68.0
2017-05-03,0.00000,88.0,65.0
2017-05-04,0.00001,92.0,65.0
2017-05-05,0.06000,79.0,64.0
2017-05-06,0.00001,79.0,56.0
2017-05-07,0.00000,85.0,48.0
2017-05-08,0.00000,89.0,57.0
2017-05-09,0.00000,90.0,62.0
2017-05-10,0.00000,94.0,60.0
2017-05-11,0.00000,93.0,62.0
2017-05-12,0.00000,93.0,64.0
2017-05-13,0.16000,83.0,64.0
2017-05-14,0.00001,89.0,60.0
2017-05-15,0.00000,91.0,65.0
2017-05-16,0.00000,90.0,67.0
2017-05-17,0.00001,89.0,68.0
2017-05-18,0.00000,89.0,70.0
2017-05-19,0.01000,90.0,72.0
2017-05-20,0.00000,93.0,71.0
2017-05-21,0.00000,89.0,69.0
2017-05-22,1.26000,92.0,69.0
2017-05-23,0.01000,91.0,70.0
2017-05-24,0.49000,89.0,69.0
2017-05-25,0.00001,86.0,66.0
2017-05-26,0.00000,88.0,57.0
2017-05-27,0.00000,93.0,57.0
2017-05-28,0.00000,93.0,60.0
2017-05-29,0.00000,93.0,72.0
2017-05-30,0.08000,93.0,71.0
2017-05-31,1.20000,92.0,70.0
2017-06-01,0.24000,92.0,71.0
2017-06-02,0.21000,87.0,71.0
2017-06-03,0.01000,88.0,70.0
2017-06-04,0.05000,84.0,72.0
2017-06-05,0.02000,84.0,73.0
2017-06-06,0.88000,86.0,72.0
2017-06-07,0.55000,82.0,70.0
2017-06-08,1.04000,82.0,70.0
2017-06-09,0.00000,90.0,68.0
2017-06-10,0.10000,88.0,72.0
2017-06-11,0.61000,90.0,72.0
2017-06-12,0.02000,85.0,73.0
2017-06-13,0.20000,85.0,72.0
2017-06-14,0.18000,85.0,70.0
2017-06-15,0.10000,87.0,69.0
2017-06-16,0.40000,85.0,69.0
2017-06-17,0.02000,90.0,69.0
2017-06-18,0.03000,90.0,72.0
2017-06-19,0.10000,87.0,72.0
2017-06-20,0.01000,90.0,73.0
2017-06-21,0.38000,91.0,75.0
2017-06-22,0.00000,90.0,73.0
2017-06-23,0.00000,91.0,71.0
2017-06-24,0.00001,92.0,73.0
2017-06-25,0.00001,92.0,75.0
2017-06-26,0.08000,89.0,74.0
2017-06-27,0.21000,89.0,70.0
2017-06-28,0.00001,87.0,68.0
2017-06-29,0.00000,89.0,72.0
2017-06-30,0.00001,92.0,73.0
2017-07-01,0.28000,89.0,71.0
2017-07-02,0.01000,92.0,71.0
2017-07-03,0.00001,94.0,74.0
2017-07-04,0.79000,93.0,72.0
2017-07-05,0.00000,94.0,74.0
2017-07-06,0.00000,95.0,74.0
2017-07-07,0.00001,94.0,74.0
2017-07-08,0.94000,92.0,73.0
2017-07-09,0.00000,92.0,72.0
2017-07-10,0.30000,93.0,74.0
2017-07-11,0.00000,93.0,74.0
2017-07-12,0.62000,91.0,71.0
2017-07-13,0.00001,92.0,74.0
2017-07-14,0.07000,90.0,76.0
2017-07-15,0.00000,93.0,74.0
2017-07-16,0.00000,94.0,73.0
2017-07-17,3.09000,94.0,70.0
2017-07-18,0.73000,93.0,72.0
2017-07-19,0.06000,91.0,73.0
2017-07-20,1.64000,91.0,71.0
2017-07-21,0.07000,89.0,72.0
2017-07-22,0.37000,90.0,72.0
2017-07-23,0.00001,86.0,73.0
2017-07-24,0.00001,89.0,75.0
2017-07-25,0.00000,94.0,74.0
2017-07-26,0.00001,93.0,77.0
2017-07-27,0.08000,94.0,75.0
2017-07-28,0.39000,94.0,76.0
2017-07-29,0.01000,89.0,75.0
2017-07-30,0.60000,82.0,75.0
2017-07-31,0.55000,78.0,73.0
2017-08-01,0.81000,92.0,74.0
2017-08-02,0.08000,86.0,73.0
2017-08-03,0.53000,93.0,74.0
2017-08-04,0.00000,92.0,73.0
2017-08-05,1.07000,94.0,74.0
2017-08-06,0.00000,93.0,75.0
2017-08-07,0.01000,93.0,77.0
2017-08-08,0.04000,94.0,76.0
2017-08-09,0.00000,93.0,78.0
2017-08-10,0.00000,93.0,77.0
2017-08-11,0.00001,90.0,77.0
2017-08-12,0.80000,92.0,74.0
2017-08-13,0.23000,89.0,74.0
2017-08-14,0.00001,93.0,74.0
2017-08-15,0.00001,93.0,75.0
2017-08-16,0.00001,93.0,74.0
2017-08-17,1.23000,93.0,73.0
2017-08-18,0.00001,92.0,73.0
2017-08-19,0.00000,93.0,72.0
2017-08-20,0.01000,88.0,76.0
2017-08-21,0.00001,90.0,77.0
2017-08-22,0.00000,94.0,75.0
2017-08-23,0.00001,93.0,77.0
2017-08-24,0.00001,91.0,76.0
2017-08-25,0.00001,89.0,76.0
2017-08-26,0.32000,89.0,75.0
2017-08-27,0.27000,87.0,75.0
2017-08-28,0.44000,87.0,75.0
2017-08-29,0.00001,90.0,73.0
2017-08-30,0.00000,93.0,72.0
2017-08-31,0.15000,94.0,73.0
2017-09-01,0.41000,94.0,73.0
2017-09-02,0.03000,89.0,72.0
2017-09-03,0.58000,86.0,74.0
2017-09-04,0.00001,91.0,74.0
2017-09-05,0.61000,90.0,74.0
2017-09-06,1.30000,85.0,74.0
2017-09-07,0.00000,92.0,74.0
2017-09-08,0.53000,89.0,76.0
2017-09-09,0.00001,84.0,76.0
2017-09-10,6.61000,79.0,72.0
2017-09-11,0.61000,84.0,72.0
2017-09-12,0.00000,88.0,71.0
2017-09-13,0.00000,89.0,70.0
2017-09-14,2.54000,92.0,71.0
2017-09-15,0.01000,91.0,73.0
2017-09-16,0.00000,90.0,75.0
2017-09-17,0.00000,89.0,74.0
2017-09-18,0.02000,86.0,73.0
2017-09-19,0.06000,86.0,74.0
2017-09-20,0.00000,90.0,71.0
2017-09-21,0.00000,88.0,72.0
2017-09-22,0.22000,89.0,72.0
2017-09-23,0.12000,88.0,74.0
2017-09-24,0.00000,89.0,74.0
2017-09-25,0.00000,91.0,74.0
2017-09-26,0.00000,91.0,74.0
2017-09-27,0.00000,92.0,75.0
2017-09-28,0.00000,91.0,73.0
2017-09-29,0.01000,89.0,74.0
2017-09-30,0.43000,88.0,73.0
2017-10-01,0.45000,85.0,73.0
2017-10-02,0.05000,84.0,74.0
2017-10-03,0.00001,82.0,75.0
2017-10-04,0.07000,82.0,71.0
2017-10-05,0.93000,77.0,71.0
2017-10-06,0.09000,89.0,72.0
2017-10-07,0.18000,92.0,77.0
2017-10-08,0.66000,92.0,75.0
2017-10-09,0.00001,90.0,76.0
2017-10-10,0.00000,90.0,75.0
2017-10-11,0.00000,88.0,73.0
2017-10-12,0.00000,86.0,70.0
2017-10-13,0.01000,87.0,74.0
2017-10-14,0.07000,87.0,74.0
2017-10-15,0.00001,89.0,72.0
2017-10-16,0.31000,90.0,72.0
2017-10-17,0.18000,83.0,70.0
2017-10-18,0.28000,81.0,70.0
2017-10-19,0.02000,86.0,70.0
2017-10-20,0.00001,84.0,71.0
2017-10-21,0.00001,85.0,71.0
2017-10-22,0.00001,88.0,73.0
2017-10-23,0.14000,85.0,72.0
2017-10-24,0.00001,81.0,66.0
2017-10-25,0.00000,70.0,56.0
2017-10-26,0.00000,73.0,53.0
2017-10-27,0.00000,78.0,55.0
2017-10-28,0.15000,79.0,60.0
2017-10-29,0.00001,69.0,52.0
2017-10-30,0.00000,67.0,48.0
2017-10-31,0.00000,76.0,47.0
2017-11-01,0.00000,80.0,58.0
2017-11-02,0.00000,82.0,61.0
2017-11-03,0.00001,80.0,65.0
2017-11-04,0.00000,83.0,63.0
2017-11-05,0.00000,84.0,65.0
2017-11-06,0.00000,85.0,69.0
2017-11-07,0.00000,84.0,65.0
2017-11-08,0.00000,84.0,63.0
2017-11-09,0.00000,83.0,63.0
2017-11-10,0.00000,72.0,63.0
2017-11-11,0.05000,80.0,61.0
2017-11-12,0.01000,79.0,69.0
2017-11-13,0.00000,82.0,66.0
2017-11-14,0.00000,79.0,61.0
2017-11-15,0.00000,78.0,59.0
2017-11-16,0.00000,75.0,57.0
2017-11-17,0.00000,78.0,55.0
2017-11-18,0.00000,79.0,56.0
2017-11-19,0.00001,81.0,55.0
2017-11-20,0.00000,78.0,49.0
2017-11-21,0.04000,75.0,63.0
2017-11-22,0.00001,81.0,62.0
2017-11-23,0.07000,77.0,67.0
2017-11-24,0.00001,68.0,56.0
2017-11-25,0.00000,73.0,52.0
2017-11-26,0.00000,76.0,53.0
2017-11-27,0.00000,78.0,51.0
2017-11-28,0.00000,82.0,60.0
2017-11-29,0.00000,82.0,66.0
2017-11-30,0.00000,82.0,62.0
2017-12-01,0.00000,82.0,59.0
2017-12-02,0.00000,83.0,60.0
2017-12-03,0.00000,80.0,58.0
2017-12-04,0.00000,78.0,61.0
2017-12-05,0.00000,83.0,60.0
2017-12-06,0.00000,82.0,59.0
2017-12-07,0.00001,72.0,61.0
2017-12-08,0.00001,84.0,61.0
2017-12-09,0.35000,74.0,44.0
2017-12-10,0.00000,57.0,40.0
2017-12-11,0.00000,62.0,35.0
2017-12-12,0.00000,73.0,38.0
2017-12-13,0.00000,63.0,40.0
2017-12-14,0.00000,74.0,37.0
2017-12-15,0.00000,77.0,55.0
2017-12-16,0.00000,74.0,52.0
2017-12-17,0.00000,80.0,53.0
2017-12-18,0.00000,83.0,58.0
2017-12-19,0.00000,84.0,62.0
2017-12-20,0.00000,81.0,60.0
2017-12-21,0.00000,84.0,62.0
2017-12-22,0.00000,79.0,60.0
2017-12-23,0.00000,81.0,57.0
2017-12-24,0.00000,81.0,57.0
2017-12-25,0.00000,72.0,52.0
2017-12-26,0.00000,77.0,51.0
2017-12-27,0.00000,79.0,54.0
2017-12-28,0.00000,73.0,58.0
2017-12-29,0.00001,58.0,51.0
2017-12-30,0.00000,64.0,49.0
2017-12-31,0.00000,69.0,44.0
2018-01-01,0.07000,59.0,44.0
2018-01-02,0.00001,55.0,44.0
2018-01-03,1.15000,52.0,36.0
2018-01-04,0.00000,53.0,31.0
2018-01-05,0.00000,55.0,31.0
2018-01-06,0.00000,58.0,37.0
2018-01-07,0.00000,66.0,41.0
2018-01-08,0.00000,72.0,49.0
2018-01-09,0.00001,77.0,56.0
2018-01-10,0.02000,75.0,64.0
2018-01-11,0.00001,82.0,62.0
2018-01-12,0.05000,81.0,62.0
2018-01-13,0.00001,63.0,46.0
2018-01-14,0.00000,61.0,39.0
2018-01-15,0.00000,66.0,45.0
2018-01-16,0.00000,73.0,45.0
2018-01-17,0.00000,71.0,39.0
2018-01-18,0.00000,53.0,27.0
2018-01-19,0.00000,66.0,35.0
2018-01-20,0.00000,71.0,45.0
2018-01-21,0.00000,78.0,55.0
2018-01-22,0.00001,81.0,56.0
2018-01-23,0.04000,83.0,59.0
2018-01-24,0.00000,71.0,49.0
2018-01-25,0.00000,70.0,50.0
2018-01-26,0.00001,75.0,49.0
2018-01-27,0.00001,77.0,60.0
2018-01-28,0.34000,80.0,62.0
2018-01-29,0.43000,74.0,57.0
2018-01-30,0.00000,64.0,45.0
2018-01-31,0.00000,70.0,44.0
2018-02-01,0.00000,75.0,49.0
2018-02-02,0.00000,76.0,56.0
2018-02-03,0.00000,69.0,55.0
2018-02-04,0.35000,77.0,59.0
2018-02-05,0.00000,76.0,53.0
2018-02-06,0.00000,83.0,52.0
2018-02-07,0.00001,82.0,62.0
2018-02-08,0.00000,82.0,62.0
2018-02-09,0.00000,83.0,60.0
2018-02-10,0.00000,86.0,62.0
2018-02-11,0.00000,87.0,66.0
2018-02-12,0.00000,86.0,69.0
2018-02-13,0.01000,84.0,65.0
2018-02-14,0.00000,78.0,61.0
2018-02-15,0.00000,83.0,61.0
2018-02-16,0.00000,85.0,58.0
2018-02-17,0.00000,84.0,57.0
2018-02-18,0.00000,86.0,54.0
2018-02-19,0.00000,84.0,63.0
2018-02-20,0.00000,87.0,67.0
2018-02-21,0.00000,85.0,67.0
2018-02-22,0.00000,85.0,66.0
2018-02-23,0.00001,85.0,65.0
2018-02-24,0.00000,85.0,63.0
2018-02-25,0.00000,87.0,63.0
2018-02-26,0.00001,88.0,69.0
2018-02-27,0.00000,84.0,62.0
2018-02-28,0.00000,85.0,58.0
2018-03-01,0.00000,87.0,63.0
2018-03-02,0.04000,84.0,60.0
2018-03-03,0.00000,74.0,50.0
2018-03-04,0.00000,72.0,46.0
2018-03-05,0.00000,77.0,48.0
2018-03-06,0.01000,81.0,49.0
2018-03-07,0.05000,74.0,57.0
2018-03-08,0.00000,65.0,48.0
2018-03-09,0.00000,70.0,42.0
2018-03-10,0.00001,73.0,42.0
2018-03-11,0.00000,84.0,59.0
2018-03-12,0.03000,74.0,52.0
2018-03-13,0.00000,67.0,45.0
2018-03-14,0.00000,69.0,45.0
2018-03-15,0.00000,71.0,44.0
2018-03-16,0.00000,78.0,37.0
2018-03-17,0.00000,83.0,52.0
2018-03-18,0.00000,85.0,52.0
2018-03-19,0.29000,86.0,63.0
2018-03-20,0.37000,83.0,62.0
2018-03-21,0.00000,70.0,56.0
2018-03-22,0.00000,69.0,49.0
2018-03-23,0.00000,73.0,46.0
2018-03-24,0.00000,79.0,47.0
2018-03-25,0.00000,85.0,54.0
2018-03-26,0.00001,79.0,65.0
2018-03-27,0.00000,78.0,61.0
2018-03-28,0.00000,82.0,58.0
2018-03-29,0.00000,84.0,61.0
2018-03-30,0.00001,86.0,62.0
2018-03-31,0.04000,74.0,64.0
2018-04-01,0.00000,86.0,63.0
2018-04-02,0.00001,87.0,67.0
2018-04-03,0.00000,88.0,66.0
2018-04-04,0.00000,88.0,64.0
2018-04-05,0.00000,81.0,62.0
2018-04-06,0.00000,85.0,60.0
2018-04-07,0.11000,89.0,66.0
2018-04-08,0.02000,78.0,66.0
2018-04-09,0.06000,89.0,66.0
2018-04-10,1.37000,75.0,63.0
2018-04-11,0.37000,77.0,57.0
2018-04-12,0.00000,82.0,56.0
2018-04-13,0.00000,83.0,62.0
2018-04-14,0.00000,90.0,64.0
2018-04-15,0.13000,90.0,62.0
2018-04-16,0.00000,72.0,57.0
2018-04-17,0.00000,81.0,50.0
2018-04-18,0.00000,88.0,50.0
2018-04-19,0.00000,88.0,56.0
2018-04-20,0.00000,87.0,61.0
2018-04-21,0.00001,83.0,66.0
2018-04-22,0.04000,82.0,69.0
2018-04-23,0.04000,87.0,69.0
2018-04-24,0.00000,87.0,65.0
2018-04-25,0.00000,84.0,59.0
2018-04-26,0.00000,84.0,58.0
2018-04-27,0.00000,87.0,61.0
2018-04-28,0.00000,84.0,63.0
2018-04-29,0.00000,88.0,59.0
2018-04-30,0.00000,84.0,62.0
2018-05-01,0.00000,85.0,62.0
2018-05-02,0.00000,84.0,61.0
2018-05-03,0.00000,86.0,67.0
2018-05-04,0.00000,87.0,64.0
2018-05-05,0.18000,86.0,64.0
2018-05-06,0.41000,82.0,71.0
2018-05-07,0.00000,91.0,69.0
2018-05-08,0.00000,88.0,63.0
2018-05-09,0.00000,89.0,64.0
2018-05-10,0.00000,88.0,65.0
2018-05-11,0.00000,93.0,64.0
2018-05-12,0.09000,77.0,71.0
2018-05-13,0.14000,85.0,70.0
2018-05-14,0.75000,76.0,70.0
2018-05-15,0.75000,89.0,69.0
2018-05-16,0.69000,88.0,68.0
2018-05-17,0.77000,86.0,69.0
2018-05-18,0.08000,86.0,69.0
2018-05-19,1.34000,83.0,69.0
2018-05-20,0.28000,78.0,69.0
2018-05-21,0.01000,80.0,72.0
2018-05-22,0.00001,82.0,71.0
2018-05-23,0.00000,89.0,68.0
2018-05-24,0.00000,91.0,71.0
2018-05-25,0.00001,88.0,71.0
2018-05-26,0.04000,85.0,70.0
2018-05-27,0.29000,84.0,71.0
2018-05-28,0.24000,87.0,73.0
2018-05-29,0.02000,89.0,72.0
2018-05-30,0.75000,81.0,72.0
2018-05-31,0.66000,86.0,72.0
2018-06-01,0.38000,91.0,70.0
2018-06-02,0.27000,91.0,73.0
2018-06-03,0.00001,89.0,75.0
2018-06-04,0.00000,94.0,77.0
2018-06-05,0.00001,92.0,74.0
2018-06-06,0.03000,87.0,73.0
2018-06-07,2.35000,91.0,70.0
2018-06-08,0.48000,89.0,70.0
2018-06-09,0.00000,89.0,69.0
2018-06-10,0.00001,90.0,71.0
2018-06-11,0.05000,90.0,71.0
2018-06-12,0.31000,90.0,70.0
2018-06-13,0.03000,92.0,72.0
2018-06-14,1.25000,92.0,72.0
2018-06-15,0.00001,91.0,72.0
2018-06-16,0.00001,91.0,71.0
2018-06-17,0.00000,93.0,72.0
2018-06-18,0.00000,92.0,74.0
2018-06-19,0.00000,92.0,72.0
2018-06-20,0.27000,94.0,72.0
2018-06-21,0.96000,88.0,76.0
2018-06-22,0.49000,93.0,74.0
2018-06-23,0.02000,93.0,75.0
2018-06-24,0.84000,93.0,74.0
2018-06-25,0.04000,92.0,73.0
2018-06-26,1.02000,92.0,74.0
2018-06-27,0.00001,92.0,73.0
2018-06-28,0.00000,92.0,74.0
2018-06-29,0.25000,89.0,74.0
2018-06-30,0.47000,86.0,72.0
2018-07-01,0.13000,92.0,72.0
2018-07-02,0.00000,93.0,74.0
2018-07-03,0.00001,92.0,75.0
2018-07-04,0.16000,85.0,70.0
2018-07-05,0.52000,89.0,71.0
2018-07-06,0.51000,88.0,71.0
2018-07-07,0.02000,90.0,71.0
2018-07-08,0.03000,91.0,72.0
2018-07-09,0.00001,90.0,75.0
2018-07-10,0.00001,93.0,73.0
2018-07-11,0.00000,93.0,76.0
2018-07-12,0.00000,95.0,73.0
2018-07-13,0.00001,94.0,76.0
2018-07-14,0.00000,94.0,73.0
2018-07-15,0.54000,91.0,75.0
2018-07-16,0.00001,94.0,75.0
2018-07-17,0.17000,94.0,75.0
2018-07-18,0.49000,90.0,75.0
2018-07-19,0.66000,89.0,74.0
2018-07-20,0.43000,87.0,75.0
2018-07-21,0.26000,90.0,76.0
2018-07-22,2.43000,94.0,70.0
2018-07-23,0.06000,91.0,70.0
2018-07-24,0.07000,89.0,73.0
2018-07-25,0.10000,90.0,75.0
2018-07-26,0.17000,90.0,75.0
2018-07-27,1.21000,91.0,75.0
2018-07-28,1.23000,91.0,74.0
2018-07-29,0.04000,91.0,75.0
2018-07-30,0.00001,89.0,74.0
2018-07-31,0.01000,90.0,74.0
2018-08-01,0.73000,92.0,71.0
2018-08-02,0.03000,92.0,75.0
2018-08-03,0.26000,92.0,75.0
2018-08-04,0.00000,91.0,75.0
2018-08-05,0.04000,92.0,77.0
2018-08-06,0.00001,91.0,76.0
2018-08-07,0.00001,94.0,75.0
2018-08-08,0.82000,93.0,74.0
2018-08-09,1.58000,94.0,70.0
2018-08-10,0.07000,88.0,74.0
2018-08-11,0.00001,88.0,75.0
2018-08-12,0.39000,89.0,74.0
2018-08-13,0.00001,91.0,74.0
2018-08-14,0.02000,91.0,73.0
2018-08-15,0.00001,91.0,73.0
2018-08-16,0.38000,94.0,76.0
2018-08-17,0.00001,93.0,76.0
2018-08-18,0.00000,93.0,75.0
2018-08-19,0.64000,94.0,74.0
2018-08-20,0.00001,93.0,73.0
2018-08-21,0.23000,92.0,75.0
2018-08-22,0.53000,90.0,74.0
2018-08-23,0.03000,91.0,74.0
2018-08-24,0.00001,91.0,74.0
2018-08-25,0.01000,92.0,75.0
2018-08-26,0.00000,92.0,75.0
2018-08-27,0.33000,91.0,75.0
2018-08-28,0.35000,91.0,73.0
2018-08-29,0.28000,87.0,74.0
2018-08-30,0.00000,87.0,74.0
2018-08-31,0.00000,91.0,77.0
2018-09-01,0.02000,91.0,76.0
2018-09-02,0.56000,90.0,75.0
2018-09-03,0.12000,88.0,75.0
2018-09-04,0.00001,90.0,75.0
2018-09-05,0.01000,91.0,77.0
2018-09-06,0.00001,90.0,76.0
2018-09-07,0.02000,86.0,75.0
2018-09-08,0.35000,90.0,73.0
2018-09-09,0.38000,89.0,73.0
2018-09-10,0.01000,91.0,74.0
2018-09-11,0.00000,90.0,75.0
2018-09-12,0.00001,92.0,77.0
2018-09-13,0.00001,92.0,77.0
2018-09-14,0.00000,94.0,75.0
2018-09-15,0.00000,94.0,78.0
2018-09-16,0.05000,94.0,77.0
2018-09-17,0.00000,93.0,75.0
2018-09-18,0.00000,93.0,76.0
2018-09-19,0.00000,94.0,75.0
2018-09-20,0.03000,94.0,74.0
2018-09-21,0.17000,91.0,76.0
2018-09-22,0.00000,89.0,75.0
2018-09-23,0.01000,88.0,75.0
2018-09-24,0.03000,92.0,74.0
2018-09-25,0.00000,93.0,74.0
2018-09-26,0.00000,93.0,74.0
2018-09-27,0.15000,95.0,75.0
2018-09-28,0.00000,93.0,77.0
2018-09-29,0.00000,93.0,75.0
2018-09-30,0.00000,92.0,75.0
2018-10-01,0.01000,88.0,75.0
2018-10-02,0.00001,88.0,75.0
2018-10-03,0.00000,90.0,71.0
2018-10-04,0.00000,88.0,72.0
2018-10-05,0.00000,91.0,72.0
2018-10-06,0.00000,91.0,72.0
2018-10-07,0.56000,89.0,74.0
2018-10-08,0.40000,87.0,74.0
2018-10-09,0.16000,90.0,74.0
2018-10-10,0.00001,90.0,77.0
2018-10-11,0.42000,89.0,76.0
2018-10-12,0.00000,89.0,73.0
2018-10-13,0.00000,88.0,69.0
2018-10-14,0.00000,90.0,69.0
2018-10-15,0.00000,91.0,74.0
2018-10-16,0.00000,92.0,73.0
2018-10-17,0.00000,92.0,73.0
2018-10-18,0.00000,91.0,71.0
2018-10-19,0.67000,88.0,73.0
2018-10-20,0.00000,89.0,71.0
2018-10-21,0.00000,80.0,65.0
2018-10-22,0.00000,84.0,64.0
2018-10-23,0.00001,83.0,66.0
2018-10-24,0.00001,84.0,69.0
2018-10-25,0.00001,83.0,68.0
2018-10-26,0.02000,86.0,68.0
2018-10-27,0.00000,74.0,62.0
2018-10-28,0.00000,76.0,55.0
2018-10-29,0.00000,84.0,51.0
2018-10-30,0.00000,84.0,61.0
2018-10-31,0.00000,84.0,62.0
2018-11-01,0.00000,85.0,61.0
2018-11-02,0.04000,86.0,67.0
2018-11-03,0.00000,74.0,56.0
2018-11-04,1.71000,83.0,63.0
2018-11-05,0.00000,82.0,68.0
2018-11-06,0.00000,86.0,69.0
2018-11-07,0.00000,87.0,67.0
2018-11-08,0.04000,88.0,71.0
2018-11-09,0.00000,87.0,70.0
2018-11-10,0.00000,83.0,66.0
2018-11-11,0.00000,85.0,63.0
2018-11-12,0.07000,84.0,69.0
2018-11-13,0.01000,86.0,67.0
2018-11-14,0.00001,88.0,71.0
2018-11-15,0.16000,75.0,56.0
2018-11-16,0.00000,65.0,47.0
2018-11-17,0.00000,76.0,48.0
2018-11-18,0.00000,82.0,58.0
2018-11-19,0.00000,81.0,64.0
2018-11-20,0.04000,78.0,62.0
2018-11-21,0.00000,76.0,58.0
2018-11-22,0.00000,74.0,53.0
2018-11-23,0.00001,81.0,62.0
2018-11-24,0.00000,85.0,63.0
2018-11-25,0.00000,79.0,63.0
2018-11-26,0.14000,85.0,61.0
2018-11-27,0.00000,64.0,48.0
2018-11-28,0.00000,57.0,39.0
2018-11-29,0.00000,64.0,44.0
2018-11-30,0.00000,79.0,47.0
2018-12-01,0.00001,82.0,64.0
2018-12-02,0.00000,87.0,69.0
2018-12-03,0.42000,87.0,67.0
2018-12-04,0.69000,73.0,59.0
2018-12-05,0.00000,62.0,44.0
2018-12-06,0.00000,70.0,43.0
2018-12-07,0.00000,76.0,51.0
2018-12-08,0.00000,80.0,58.0
2018-12-09,1.19000,73.0,62.0
2018-12-10,0.00001,62.0,43.0
2018-12-11,0.00000,57.0,41.0
2018-12-12,0.00000,68.0,39.0
2018-12-13,0.00000,75.0,55.0
2018-12-14,0.01000,77.0,66.0
2018-12-15,0.75000,73.0,59.0
2018-12-16,0.00000,67.0,54.0
2018-12-17,0.00000,65.0,49.0
2018-12-18,0.00000,71.0,48.0
2018-12-19,0.08000,76.0,49.0
2018-12-20,3.65000,70.0,62.0
2018-12-21,0.01000,65.0,53.0
2018-12-22,0.00000,62.0,46.0
2018-12-23,0.00000,68.0,42.0
2018-12-24,0.00000,70.0,45.0
2018-12-25,0.00000,74.0,51.0
2018-12-26,0.00000,77.0,56.0
2018-12-27,0.00001,80.0,61.0
2018-12-28,0.00000,82.0,70.0
2018-12-29,0.00000,81.0,68.0
2018-12-30,0.00000,82.0,69.0
2018-12-31,0.00000,84.0,66.0
2019-01-01,0.00000,83.0,62.0
2019-01-02,0.00000,83.0,63.0
2019-01-03,0.00000,83.0,63.0
2019-01-04,0.13000,83.0,63.0
2019-01-05,0.00000,70.0,53.0
2019-01-06,0.00000,71.0,47.0
2019-01-07,0.00000,79.0,53.0
2019-01-08,0.00000,79.0,55.0
2019-01-09,0.00000,73.0,53.0
2019-01-10,0.00000,61.0,44.0
2019-01-11,0.00000,74.0,48.0
2019-01-12,0.00000,78.0,54.0
2019-01-13,0.00000,81.0,56.0
2019-01-14,0.00000,67.0,50.0
2019-01-15,0.00000,61.0,47.0
2019-01-16,0.00000,60.0,44.0
2019-01-17,0.00000,74.0,44.0
2019-01-18,0.00000,76.0,48.0
2019-01-19,0.00000,80.0,50.0
2019-01-20,0.45000,67.0,45.0
2019-01-21,0.00000,62.0,38.0
2019-01-22,0.00000,73.0,44.0
2019-01-23,0.00001,79.0,58.0
2019-01-24,0.76000,76.0,55.0
2019-01-25,0.00000,63.0,44.0
2019-01-26,0.00000,64.0,48.0
2019-01-27,2.01000,56.0,48.0
2019-01-28,0.15000,58.0,45.0
2019-01-29,0.00000,68.0,42.0
2019-01-30,0.00000,56.0,44.0
2019-01-31,0.00000,65.0,44.0
2019-02-01,0.00000,75.0,53.0
2019-02-02,0.03000,77.0,61.0
2019-02-03,0.00000,73.0,61.0
2019-02-04,0.00001,70.0,55.0
2019-02-05,0.00000,78.0,52.0
2019-02-06,0.00000,81.0,53.0
2019-02-07,0.00000,82.0,56.0
2019-02-08,0.00000,83.0,58.0
2019-02-09,0.11000,78.0,59.0
2019-02-10,0.61000,72.0,65.0
2019-02-11,0.00000,84.0,60.0
2019-02-12,0.16000,85.0,68.0
2019-02-13,0.68000,71.0,49.0
2019-02-14,0.00000,75.0,46.0
2019-02-15,0.00000,79.0,53.0
2019-02-16,0.00000,81.0,55.0
2019-02-17,0.00000,85.0,60.0
2019-02-18,0.00001,86.0,65.0
2019-02-19,0.00000,86.0,65.0
2019-02-20,0.00001,87.0,69.0
2019-02-21,0.03000,84.0,64.0
2019-02-22,0.00000,87.0,66.0
2019-02-23,0.00001,88.0,71.0
2019-02-24,0.00000,88.0,68.0
2019-02-25,0.00000,76.0,60.0
2019-02-26,0.11000,74.0,59.0
2019-02-27,0.03000,83.0,63.0
2019-02-28,0.00000,81.0,63.0
2019-03-01,0.00000,83.0,62.0
2019-03-02,0.00000,86.0,61.0
2019-03-03,0.00000,86.0,63.0
2019-03-04,0.00001,85.0,63.0
2019-03-05,0.08000,63.0,52.0
2019-03-06,0.00000,63.0,42.0
2019-03-07,0.00000,72.0,42.0
2019-03-08,0.00000,79.0,52.0
2019-03-09,0.00000,83.0,59.0
2019-03-10,0.00000,87.0,64.0
2019-03-11,0.00000,87.0,64.0
2019-03-12,0.00000,75.0,63.0
2019-03-13,0.00000,79.0,60.0
2019-03-14,0.00000,83.0,63.0
2019-03-15,0.00000,86.0,60.0
2019-03-16,0.00001,82.0,64.0
2019-03-17,0.01000,73.0,58.0
2019-03-18,0.00001,67.0,57.0
2019-03-19,0.20000,67.0,56.0
2019-03-20,0.04000,74.0,58.0
2019-03-21,0.00000,76.0,56.0
2019-03-22,0.00000,78.0,50.0
2019-03-23,0.00000,81.0,50.0
2019-03-24,0.00000,82.0,58.0
2019-03-25,0.00000,84.0,58.0
2019-03-26,0.00000,84.0,62.0
2019-03-27,0.23000,73.0,58.0
2019-03-28,0.00001,79.0,58.0
2019-03-29,0.00000,79.0,57.0
2019-03-30,0.00000,82.0,59.0
2019-03-31,0.00000,86.0,58.0
2019-04-01,0.00001,73.0,64.0
2019-04-02,0.00001,77.0,58.0
2019-04-03,0.00000,78.0,55.0
2019-04-04,0.00000,83.0,60.0
2019-04-05,0.57000,85.0,65.0
2019-04-06,0.01000,88.0,65.0
2019-04-07,0.00000,89.0,66.0
2019-04-08,0.00001,91.0,69.0
2019-04-09,0.11000,86.0,69.0
2019-04-10,0.00001,82.0,66.0
2019-04-11,0.00000,87.0,64.0
2019-04-12,0.01000,89.0,68.0
2019-04-13,0.00000,92.0,70.0
2019-04-14,0.21000,90.0,71.0
2019-04-15,0.00001,81.0,63.0
2019-04-16,0.00000,85.0,57.0
2019-04-17,0.00000,85.0,61.0
2019-04-18,0.02000,91.0,65.0
2019-04-19,0.52000,87.0,63.0
2019-04-20,0.00001,75.0,54.0
2019-04-21,0.00000,77.0,53.0
2019-04-22,0.00000,83.0,54.0
2019-04-23,0.00000,86.0,57.0
2019-04-24,0.00000,86.0,60.0
2019-04-25,0.00000,86.0,61.0
2019-04-26,0.02000,87.0,66.0
2019-04-27,0.00000,86.0,60.0
2019-04-28,0.00000,88.0,61.0
2019-04-29,0.00000,88.0,65.0
2019-04-30,0.00000,89.0,69.0
2019-05-01,0.00001,88.0,69.0
2019-05-02,0.75000,86.0,72.0
2019-05-03,0.00000,90.0,71.0
2019-05-04,0.62000,91.0,68.0
2019-05-05,0.23000,87.0,69.0
2019-05-06,0.01000,89.0,69.0
2019-05-07,0.00001,90.0,71.0
2019-05-08,0.00000,88.0,70.0
2019-05-09,0.00001,87.0,69.0
2019-05-10,0.00000,89.0,71.0
2019-05-11,0.05000,92.0,70.0
2019-05-12,0.33000,90.0,70.0
2019-05-13,1.08000,85.0,70.0
2019-05-14,1.27000,80.0,68.0
2019-05-15,0.00000,84.0,69.0
2019-05-16,0.00000,86.0,67.0
2019-05-17,0.00000,88.0,65.0
2019-05-18,0.00000,88.0,65.0
2019-05-19,0.00000,91.0,66.0
2019-05-20,0.00000,91.0,70.0
2019-05-21,0.00000,92.0,70.0
2019-05-22,0.00000,91.0,70.0
2019-05-23,0.00000,90.0,71.0
2019-05-24,0.00000,89.0,68.0
2019-05-25,0.00000,93.0,69.0
2019-05-26,0.00000,95.0,70.0
2019-05-27,0.00000,96.0,70.0
2019-05-28,0.00000,97.0,72.0
2019-05-29,0.00000,96.0,69.0
2019-05-30,0.00000,96.0,72.0
2019-05-31,0.00000,96.0,74.0
2019-06-01,0.00001,96.0,74.0
2019-06-02,0.00001,94.0,71.0
2019-06-03,0.00001,94.0,74.0
2019-06-04,0.00000,96.0,72.0
2019-06-05,0.25000,95.0,75.0
2019-06-06,0.00001,92.0,74.0
2019-06-07,0.00001,94.0,76.0
2019-06-08,0.25000,93.0,75.0
2019-06-09,1.52000,93.0,71.0
2019-06-10,0.64000,91.0,72.0
2019-06-11,0.26000,90.0,71.0
2019-06-12,0.37000,92.0,72.0
2019-06-13,0.87000,85.0,73.0
2019-06-14,0.00001,85.0,73.0
2019-06-15,0.00000,90.0,73.0
2019-06-16,1.79000,90.0,70.0
2019-06-17,0.95000,88.0,73.0
2019-06-18,0.46000,91.0,74.0
2019-06-19,0.76000,91.0,72.0
2019-06-20,0.08000,94.0,73.0
2019-06-21,0.00000,95.0,77.0
2019-06-22,0.00000,93.0,78.0
2019-06-23,0.00001,96.0,76.0
2019-06-24,0.00000,96.0,75.0
2019-06-25,0.01000,98.0,76.0
2019-06-26,0.00000,97.0,76.0
2019-06-27,0.00000,93.0,76.0
2019-06-28,0.00001,93.0,76.0
2019-06-29,0.08000,88.0,75.0
2019-06-30,0.68000,93.0,74.0
2019-07-01,0.00001,95.0,75.0
2019-07-02,0.00001,97.0,77.0
2019-07-03,0.54000,96.0,76.0
2019-07-04,0.03000,95.0,77.0
2019-07-05,0.00001,95.0,78.0
2019-07-06,1.30000,92.0,73.0
2019-07-07,0.07000,90.0,74.0
2019-07-08,0.02000,90.0,75.0
2019-07-09,0.35000,92.0,75.0
2019-07-10,0.02000,94.0,74.0
2019-07-11,0.03000,93.0,74.0
2019-07-12,1.03000,90.0,72.0
2019-07-13,0.00000,89.0,71.0
2019-07-14,0.00000,95.0,77.0
2019-07-15,0.12000,95.0,75.0
2019-07-16,0.00001,95.0,75.0
2019-07-17,0.00001,95.0,76.0
2019-07-18,0.00000,93.0,75.0
2019-07-19,0.00001,94.0,74.0
2019-07-20,0.00000,92.0,75.0
2019-07-21,0.06000,93.0,75.0
2019-07-22,0.00001,93.0,72.0
2019-07-23,0.35000,91.0,74.0
2019-07-24,0.40000,90.0,72.0
2019-07-25,0.73000,84.0,73.0
2019-07-26,0.06000,87.0,72.0
2019-07-27,0.00000,90.0,72.0
2019-07-28,0.05000,94.0,76.0
2019-07-29,0.32000,94.0,76.0
2019-07-30,0.38000,93.0,76.0
2019-07-31,0.14000,94.0,73.0
2019-08-01,0.00001,90.0,73.0
2019-08-02,0.39000,89.0,75.0
2019-08-03,0.23000,87.0,74.0
2019-08-04,0.00000,92.0,75.0
2019-08-05,0.15000,89.0,73.0
2019-08-06,0.02000,87.0,74.0
2019-08-07,0.99000,90.0,73.0
2019-08-08,0.62000,93.0,73.0
2019-08-09,0.00000,94.0,74.0
2019-08-10,0.00000,94.0,77.0
2019-08-11,1.39000,94.0,78.0
2019-08-12,0.40000,93.0,76.0
2019-08-13,0.00000,90.0,75.0
2019-08-14,0.81000,92.0,77.0
2019-08-15,0.33000,89.0,75.0
2019-08-16,0.06000,87.0,74.0
2019-08-17,0.00000,89.0,73.0
2019-08-18,0.19000,93.0,74.0
2019-08-19,0.00000,92.0,76.0
2019-08-20,0.05000,91.0,75.0
2019-08-21,0.00000,93.0,76.0
2019-08-22,0.00000,93.0,76.0
2019-08-23,0.28000,86.0,77.0
2019-08-24,0.00000,92.0,77.0
2019-08-25,0.00000,93.0,77.0
2019-08-26,0.91000,94.0,73.0
2019-08-27,0.00000,93.0,74.0
2019-08-28,0.00001,91.0,76.0
2019-08-29,0.04000,93.0,78.0
2019-08-30,0.00001,90.0,77.0
2019-08-31,0.42000,91.0,77.0
2019-09-01,0.04000,91.0,77.0
2019-09-02,0.51000,89.0,77.0
2019-09-03,0.93000,87.0,74.0
2019-09-04,0.23000,87.0,74.0
2019-09-05,0.00000,95.0,80.0
2019-09-06,0.00000,95.0,78.0
2019-09-07,0.00000,92.0,69.0
2019-09-08,0.00000,93.0,72.0
2019-09-09,0.00000,95.0,76.0
2019-09-10,0.00000,92.0,76.0
2019-09-11,0.00001,91.0,74.0
2019-09-12,0.01000,91.0,75.0
2019-09-13,0.00001,87.0,76.0
2019-09-14,0.11000,90.0,76.0
2019-09-15,0.00001,90.0,76.0
2019-09-16,0.00001,92.0,76.0
2019-09-17,0.00000,94.0,73.0
2019-09-18,0.00001,89.0,74.0
2019-09-19,0.00000,88.0,71.0
2019-09-20,0.01000,88.0,71.0
2019-09-21,0.00000,87.0,71.0
2019-09-22,0.00000,88.0,70.0
2019-09-23,0.00000,88.0,67.0
2019-09-24,0.00000,90.0,67.0
2019-09-25,0.00000,92.0,68.0
2019-09-26,0.00000,91.0,70.0
2019-09-27,0.00000,94.0,71.0
2019-09-28,0.00001,93.0,74.0
2019-09-29,0.05000,92.0,73.0
2019-09-30,0.04000,93.0,74.0
2019-10-01,0.07000,90.0,75.0
2019-10-02,0.00001,92.0,73.0
2019-10-03,0.00000,92.0,71.0
2019-10-04,0.00000,93.0,71.0
2019-10-05,0.01000,93.0,73.0
2019-10-06,0.16000,91.0,75.0
2019-10-07,0.19000,88.0,75.0
2019-10-08,0.01000,87.0,75.0
2019-10-09,0.07000,81.0,74.0
2019-10-10,0.04000,88.0,73.0
2019-10-11,0.00000,89.0,70.0
2019-10-12,0.00000,90.0,68.0
2019-10-13,0.00000,89.0,67.0
2019-10-14,0.00000,91.0,69.0
2019-10-15,0.00000,90.0,70.0
2019-10-16,0.00001,91.0,72.0
2019-10-17,0.00000,87.0,72.0
2019-10-18,0.36000,82.0,69.0
2019-10-19,3.17000,87.0,74.0
2019-10-20,0.00000,90.0,74.0
2019-10-21,0.01000,91.0,74.0
2019-10-22,0.00000,92.0,73.0
2019-10-23,0.00000,85.0,71.0
2019-10-24,0.00000,90.0,72.0
2019-10-25,1.26000,88.0,75.0
2019-10-26,0.72000,91.0,74.0
2019-10-27,0.00001,90.0,74.0
2019-10-28,0.00000,92.0,75.0
2019-10-29,0.00000,92.0,76.0
2019-10-30,0.00000,91.0,76.0
2019-10-31,0.00000,91.0,74.0
2019-11-01,0.00001,81.0,69.0
2019-11-02,0.00001,88.0,68.0
2019-11-03,0.00000,81.0,67.0
2019-11-04,0.02000,84.0,70.0
2019-11-05,0.00001,87.0,69.0
2019-11-06,0.00001,87.0,72.0
2019-11-07,0.00000,89.0,71.0
2019-11-08,0.21000,84.0,68.0
2019-11-09,0.43000,80.0,61.0
2019-11-10,0.00000,81.0,60.0
2019-11-11,0.00000,84.0,62.0
2019-11-12,0.00001,85.0,62.0
2019-11-13,0.00001,70.0,56.0
2019-11-14,0.03000,80.0,62.0
2019-11-15,0.03000,74.0,60.0
2019-11-16,0.00000,66.0,52.0
2019-11-17,0.00000,57.0,50.0
2019-11-18,0.00000,75.0,55.0
2019-11-19,0.00000,72.0,53.0
2019-11-20,0.00000,76.0,48.0
2019-11-21,0.00000,79.0,52.0
2019-11-22,0.00000,80.0,57.0
2019-11-23,0.00000,81.0,57.0
2019-11-24,0.44000,73.0,53.0
2019-11-25,0.00000,69.0,49.0
2019-11-26,0.00000,74.0,48.0
2019-11-27,0.00000,80.0,51.0
2019-11-28,0.00000,84.0,57.0
2019-11-29,0.00000,81.0,57.0
2019-11-30,0.00000,81.0,58.0
2019-12-01,0.00000,84.0,59.0
2019-12-02,0.20000,74.0,50.0
2019-12-03,0.00000,61.0,43.0
2019-12-04,0.00000,66.0,46.0
2019-12-05,0.00000,71.0,47.0
2019-12-06,0.00000,77.0,50.0
2019-12-07,0.00000,79.0,51.0
2019-12-08,0.00000,81.0,59.0
2019-12-09,0.00000,82.0,57.0
2019-12-10,0.21000,86.0,61.0
2019-12-11,0.06000,81.0,64.0
2019-12-12,0.38000,77.0,66.0
2019-12-13,0.20000,74.0,68.0
2019-12-14,0.52000,77.0,56.0
2019-12-15,0.00000,78.0,52.0
2019-12-16,0.00000,84.0,58.0
2019-12-17,0.99000,85.0,68.0
2019-12-18,0.00001,69.0,50.0
2019-12-19,0.00000,72.0,48.0
2019-12-20,0.00001,75.0,55.0
2019-12-21,0.04000,75.0,66.0
2019-12-22,0.40000,75.0,65.0
2019-12-23,0.98000,75.0,58.0
2019-12-24,0.00001,65.0,56.0
2019-12-25,0.00001,80.0,64.0
2019-12-26,0.00001,80.0,63.0
2019-12-27,0.37000,80.0,66.0
2019-12-28,0.14000,79.0,70.0
2019-12-29,0.46000,81.0,71.0
2019-12-30,0.00001,79.0,71.0
2019-12-31,0.00000,71.0,54.0
2020-01-01,0.00000,71.0,53.0
2020-01-02,0.00000,82.0,54.0
2020-01-03,0.00000,85.0,66.0
2020-01-04,0.41000,82.0,61.0
2020-01-05,0.00000,64.0,48.0
2020-01-06,0.00000,69.0,45.0
2020-01-07,0.00000,74.0,46.0
2020-01-08,0.00000,69.0,49.0
2020-01-09,0.00000,79.0,50.0
2020-01-10,0.00000,81.0,60.0
2020-01-11,0.01000,84.0,70.0
2020-01-12,0.02000,86.0,67.0
2020-01-13,0.00000,84.0,68.0
2020-01-14,0.00000,83.0,63.0
2020-01-15,0.00001,83.0,67.0
2020-01-16,0.00000,84.0,64.0
2020-01-17,0.00000,78.0,66.0
2020-01-18,0.00000,80.0,62.0
2020-01-19,0.00000,80.0,63.0
2020-01-20,0.00001,70.0,47.0
2020-01-21,0.00000,57.0,40.0
2020-01-22,0.00001,55.0,36.0
2020-01-23,0.18000,72.0,54.0
2020-01-24,0.00001,79.0,59.0
2020-01-25,0.00000,70.0,52.0
2020-01-26,0.00000,68.0,46.0
2020-01-27,0.00001,73.0,55.0
2020-01-28,0.00000,71.0,51.0
2020-01-29,0.00001,76.0,49.0
2020-01-30,0.00001,74.0,55.0
2020-01-31,0.00001,76.0,59.0
2020-02-01,0.16000,65.0,55.0
2020-02-02,0.00000,66.0,48.0
2020-02-03,0.00000,75.0,44.0
2020-02-04,0.00000,79.0,50.0
2020-02-05,0.00000,82.0,57.0
2020-02-06,0.00000,88.0,69.0
2020-02-07,0.72000,79.0,50.0
2020-02-08,0.00000,72.0,45.0
2020-02-09,0.00000,78.0,53.0
2020-02-10,0.00000,84.0,57.0
2020-02-11,0.00000,87.0,64.0
2020-02-12,0.00000,88.0,66.0
2020-02-13,0.00000,89.0,69.0
2020-02-14,0.02000,76.0,59.0
2020-02-15,0.00000,79.0,59.0
2020-02-16,0.09000,84.0,60.0
2020-02-17,0.00000,85.0,63.0
2020-02-18,0.00000,87.0,65.0
2020-02-19,0.00001,88.0,70.0
2020-02-20,0.00000,86.0,68.0
2020-02-21,0.03000,67.0,48.0
2020-02-22,0.00000,74.0,46.0
2020-02-23,0.00000,78.0,53.0
2020-02-24,0.00000,81.0,54.0
2020-02-25,0.00000,87.0,61.0
2020-02-26,0.54000,81.0,64.0
2020-02-27,0.01000,64.0,49.0
2020-02-28,0.00000,65.0,44.0
2020-02-29,0.00001,67.0,44.0
2020-03-01,0.00000,72.0,43.0
2020-03-02,0.00000,79.0,52.0
2020-03-03,0.00000,85.0,57.0
2020-03-04,0.00000,90.0,63.0
2020-03-05,0.00001,92.0,69.0
2020-03-06,0.02000,78.0,59.0
2020-03-07,0.00000,66.0,50.0
2020-03-08,0.00000,75.0,50.0
2020-03-09,0.00001,76.0,58.0
2020-03-10,0.00001,79.0,60.0
2020-03-11,0.00000,85.0,59.0
2020-03-12,0.00000,85.0,64.0
2020-03-13,0.00000,88.0,61.0
2020-03-14,0.00000,88.0,62.0
2020-03-15,0.00000,89.0,64.0
2020-03-16,0.00000,82.0,65.0
2020-03-17,0.00000,87.0,65.0
2020-03-18,0.00000,88.0,64.0
2020-03-19,0.00000,89.0,64.0
2020-03-20,0.00000,89.0,65.0
2020-03-21,0.00000,89.0,65.0
2020-03-22,0.00000,89.0,66.0
2020-03-23,0.00000,89.0,67.0
2020-03-24,0.00000,90.0,66.0
2020-03-25,0.00000,90.0,66.0
2020-03-26,0.00000,89.0,71.0
2020-03-27,0.00000,90.0,68.0
2020-03-28,0.00000,93.0,67.0
2020-03-29,0.00000,91.0,64.0
2020-03-30,0.00000,91.0,69.0
2020-03-31,0.32000,91.0,70.0
2020-04-01,0.00000,76.0,58.0
2020-04-02,0.00000,79.0,55.0
2020-04-03,0.00000,84.0,57.0
2020-04-04,0.00000,88.0,60.0
2020-04-05,0.29000,73.0,64.0
2020-04-06,0.00001,81.0,65.0
2020-04-07,0.00000,87.0,63.0
2020-04-08,0.00000,90.0,68.0
2020-04-09,0.00000,91.0,73.0
2020-04-10,0.00001,87.0,65.0
2020-04-11,0.00000,84.0,60.0
2020-04-12,0.00000,94.0,72.0
2020-04-13,0.00000,97.0,76.0
2020-04-14,0.00000,93.0,74.0
2020-04-15,0.04000,94.0,72.0
2020-04-16,0.13000,73.0,62.0
2020-04-17,0.00000,83.0,64.0
2020-04-18,0.46000,83.0,71.0
2020-04-19,0.00000,93.0,70.0
2020-04-20,0.03000,88.0,69.0
2020-04-21,0.00000,87.0,63.0
2020-04-22,0.00000,86.0,66.0
2020-04-23,0.00000,92.0,68.0
2020-04-24,0.65000,79.0,69.0
2020-04-25,0.00000,88.0,67.0
2020-04-26,0.00000,89.0,70.0
2020-04-27,0.00000,80.0,61.0
2020-04-28,0.00000,83.0,58.0
2020-04-29,0.00000,88.0,63.0
2020-04-30,0.60000,83.0,62.0
2020-05-01,0.00000,82.0,56.0
2020-05-02,0.00000,87.0,59.0
2020-05-03,0.00000,88.0,62.0
2020-05-04,0.00000,90.0,64.0
2020-05-05,0.00000,91.0,67.0
2020-05-06,0.00000,91.0,69.0
2020-05-07,0.00000,78.0,59.0
2020-05-08,0.00000,86.0,54.0
2020-05-09,0.00000,87.0,67.0
2020-05-10,0.00001,83.0,67.0
2020-05-11,0.00000,88.0,65.0
2020-05-12,0.00000,87.0,62.0
2020-05-13,0.00000,86.0,64.0
2020-05-14,0.00000,85.0,67.0
2020-05-15,0.03000,88.0,69.0
2020-05-16,0.13000,88.0,73.0
2020-05-17,0.00001,93.0,73.0
2020-05-18,0.02000,89.0,71.0
2020-05-19,0.00000,94.0,69.0
2020-05-20,0.00000,93.0,66.0
2020-05-21,0.21000,95.0,67.0
2020-05-22,0.00001,94.0,68.0
2020-05-23,0.00000,92.0,74.0
2020-05-24,0.01000,87.0,75.0
2020-05-25,0.22000,77.0,72.0
2020-05-26,0.36000,89.0,73.0
2020-05-27,0.22000,88.0,72.0
2020-05-28,1.45000,93.0,70.0
2020-05-29,0.02000,92.0,71.0
2020-05-30,1.18000,93.0,72.0
2020-05-31,0.00000,94.0,70.0
2020-06-01,0.00000,91.0,77.0
2020-06-02,0.32000,82.0,74.0
2020-06-03,0.01000,85.0,75.0
2020-06-04,2.07000,79.0,72.0
2020-06-05,0.11000,91.0,72.0
2020-06-06,0.66000,82.0,73.0
2020-06-07,1.04000,86.0,74.0
2020-06-08,0.00000,93.0,75.0
2020-06-09,0.03000,92.0,74.0
2020-06-10,0.15000,96.0,74.0
2020-06-11,0.04000,91.0,74.0
2020-06-12,0.00000,91.0,72.0
2020-06-13,0.00001,88.0,75.0
2020-06-14,0.49000,91.0,72.0
2020-06-15,0.00000,91.0,72.0
2020-06-16,0.00000,89.0,70.0
2020-06-17,0.10000,90.0,71.0
2020-06-18,2.01000,92.0,72.0
2020-06-19,0.10000,89.0,73.0
2020-06-20,0.25000,93.0,72.0
2020-06-21,0.00001,94.0,73.0
2020-06-22,3.02000,94.0,71.0
2020-06-23,0.01000,93.0,73.0
2020-06-24,0.00001,94.0,76.0
2020-06-25,0.00001,97.0,78.0
2020-06-26,0.00000,96.0,77.0
2020-06-27,0.00000,95.0,77.0
2020-06-28,0.00000,95.0,76.0
2020-06-29,0.00000,97.0,77.0
2020-06-30,0.00000,96.0,77.0
2020-07-01,0.29000,95.0,74.0
2020-07-02,0.73000,93.0,75.0
2020-07-03,0.16000,90.0,77.0
2020-07-04,0.39000,93.0,74.0
2020-07-05,0.44000,91.0,74.0
2020-07-06,0.36000,92.0,71.0
2020-07-07,0.02000,91.0,74.0
2020-07-08,0.39000,89.0,76.0
2020-07-09,0.03000,94.0,78.0
2020-07-10,0.74000,93.0,76.0
2020-07-11,0.29000,91.0,76.0
2020-07-12,0.00000,95.0,75.0
2020-07-13,0.00000,96.0,77.0
2020-07-14,1.62000,94.0,76.0
2020-07-15,0.31000,95.0,75.0
2020-07-16,0.00000,92.0,75.0
2020-07-17,0.00000,93.0,77.0
2020-07-18,0.00001,93.0,77.0
2020-07-19,0.00001,93.0,78.0
2020-07-20,0.12000,89.0,74.0
2020-07-21,0.17000,91.0,77.0
2020-07-22,0.08000,89.0,76.0
2020-07-23,0.49000,86.0,74.0
2020-07-24,0.00000,91.0,74.0
2020-07-25,0.00000,92.0,77.0
2020-07-26,0.00000,92.0,75.0
2020-07-27,0.22000,93.0,74.0
2020-07-28,0.11000,89.0,74.0
2020-07-29,0.22000,92.0,75.0
2020-07-30,0.01000,94.0,75.0
2020-07-31,0.00000,94.0,76.0
2020-08-01,0.00000,94.0,78.0
2020-08-02,0.08000,88.0,79.0
2020-08-03,0.00000,94.0,77.0
2020-08-04,0.53000,93.0,75.0
2020-08-05,1.14000,92.0,73.0
2020-08-06,0.97000,93.0,73.0
2020-08-07,0.00001,94.0,75.0
2020-08-08,0.00001,95.0,75.0
2020-08-09,1.34000,95.0,72.0
2020-08-10,0.00001,94.0,76.0
2020-08-11,0.00001,95.0,76.0
2020-08-12,0.12000,92.0,75.0
2020-08-13,0.19000,93.0,78.0
2020-08-14,0.00001,94.0,77.0
2020-08-15,0.31000,93.0,77.0
2020-08-16,0.74000,91.0,77.0
2020-08-17,0.04000,91.0,74.0
2020-08-18,0.17000,91.0,74.0
2020-08-19,0.00000,87.0,73.0
2020-08-20,0.10000,90.0,74.0
2020-08-21,0.11000,91.0,74.0
2020-08-22,0.13000,93.0,75.0
2020-08-23,0.06000,94.0,77.0
2020-08-24,0.21000,94.0,79.0
2020-08-25,0.00000,94.0,80.0
2020-08-26,0.00000,94.0,79.0
2020-08-27,0.14000,92.0,78.0
2020-08-28,0.00000,94.0,77.0
2020-08-29,0.03000,94.0,77.0
2020-08-30,0.35000,87.0,76.0
2020-08-31,0.66000,89.0,73.0
2020-09-01,0.00000,93.0,74.0
2020-09-02,0.15000,95.0,78.0
2020-09-03,0.00000,96.0,77.0
2020-09-04,0.11000,96.0,78.0
2020-09-05,0.00000,95.0,78.0
2020-09-06,0.00001,93.0,77.0
2020-09-07,0.16000,92.0,74.0
2020-09-08,0.00001,91.0,74.0
2020-09-09,4.05000,92.0,73.0
2020-09-10,0.00001,90.0,75.0
2020-09-11,0.14000,91.0,77.0
2020-09-12,0.35000,85.0,76.0
2020-09-13,0.39000,86.0,75.0
2020-09-14,0.93000,89.0,75.0
2020-09-15,0.00000,90.0,76.0
2020-09-16,0.00001,92.0,75.0
2020-09-17,0.48000,92.0,77.0
2020-09-18,0.00001,91.0,77.0
2020-09-19,0.15000,91.0,74.0
2020-09-20,1.37000,82.0,76.0
2020-09-21,0.00001,86.0,73.0
2020-09-22,0.00001,87.0,70.0
2020-09-23,0.00000,87.0,69.0
2020-09-24,0.00001,90.0,72.0
2020-09-25,0.00000,94.0,74.0
2020-09-26,0.00001,94.0,74.0
2020-09-27,1.51000,92.0,73.0
2020-09-28,0.19000,88.0,74.0
2020-09-29,0.76000,89.0,71.0
2020-09-30,0.00000,78.0,64.0
2020-10-01,0.00000,83.0,69.0
2020-10-02,0.00000,83.0,67.0
2020-10-03,0.08000,80.0,68.0
2020-10-04,0.02000,80.0,71.0
2020-10-05,0.00001,86.0,73.0
2020-10-06,0.00000,92.0,74.0
2020-10-07,0.10000,93.0,76.0
2020-10-08,0.00001,91.0,75.0
2020-10-09,0.04000,89.0,75.0
2020-10-10,0.00000,92.0,74.0
2020-10-11,0.65000,91.0,74.0
2020-10-12,0.00000,88.0,72.0
2020-10-13,0.00000,88.0,73.0
2020-10-14,0.00000,90.0,70.0
2020-10-15,0.00000,90.0,71.0
2020-10-16,0.00000,90.0,73.0
2020-10-17,0.24000,87.0,71.0
2020-10-18,0.02000,86.0,71.0
2020-10-19,0.99000,85.0,71.0
2020-10-20,0.00001,86.0,75.0
2020-10-21,0.03000,86.0,73.0
2020-10-22,0.22000,86.0,73.0
2020-10-23,0.24000,82.0,72.0
2020-10-24,0.00000,86.0,70.0
2020-10-25,0.00000,88.0,72.0
2020-10-26,0.00001,89.0,71.0
2020-10-27,0.00001,88.0,75.0
2020-10-28,0.00000,90.0,74.0
2020-10-29,0.00001,91.0,73.0
2020-10-30,0.00000,79.0,63.0
2020-10-31,0.00000,86.0,61.0
2020-11-01,2.18000,85.0,71.0
2020-11-02,0.00000,73.0,58.0
2020-11-03,0.00000,78.0,55.0
2020-11-04,0.00000,80.0,60.0
2020-11-05,0.02000,84.0,66.0
2020-11-06,0.00000,83.0,66.0
2020-11-07,0.00000,85.0,71.0
2020-11-08,0.08000,79.0,70.0
2020-11-09,0.46000,80.0,75.0
2020-11-10,0.56000,82.0,75.0
2020-11-11,0.06000,85.0,74.0
2020-11-12,0.61000,82.0,73.0
2020-11-13,0.00001,79.0,69.0
2020-11-14,0.00000,82.0,68.0
2020-11-15,1.07000,85.0,69.0
2020-11-16,0.00001,80.0,66.0
2020-11-17,0.00000,76.0,57.0
2020-11-18,0.00000,76.0,55.0
2020-11-19,0.00001,76.0,59.0
2020-11-20,0.00001,79.0,61.0
2020-11-21,0.02000,77.0,64.0
2020-11-22,0.10000,77.0,64.0
2020-11-23,0.00000,77.0,60.0
2020-11-24,0.00000,80.0,58.0
2020-11-25,0.00000,82.0,63.0
2020-11-26,0.00000,82.0,60.0
2020-11-27,0.00000,82.0,63.0
2020-11-28,0.00000,82.0,62.0
2020-11-29,0.00000,81.0,65.0
2020-11-30,0.08000,73.0,56.0
2020-12-01,0.00000,56.0,42.0
2020-12-02,0.00000,60.0,39.0
2020-12-03,0.00000,73.0,43.0
2020-12-04,0.00001,75.0,58.0
2020-12-05,0.00001,74.0,53.0
2020-12-06,0.04000,72.0,49.0
2020-12-07,0.20000,63.0,51.0
2020-12-08,0.00000,57.0,42.0
2020-12-09,0.00000,60.0,40.0
2020-12-10,0.00000,69.0,42.0
2020-12-11,0.00000,71.0,46.0
2020-12-12,0.01000,71.0,55.0
2020-12-13,0.00000,80.0,56.0
2020-12-14,0.00001,79.0,62.0
2020-12-15,0.00000,73.0,59.0
2020-12-16,0.19000,77.0,58.0
2020-12-17,0.00001,66.0,48.0
2020-12-18,0.00000,60.0,40.0
2020-12-19,0.00000,72.0,47.0
2020-12-20,0.40000,75.0,51.0
2020-12-21,0.00001,68.0,53.0
2020-12-22,0.00000,71.0,49.0
2020-12-23,0.00000,75.0,48.0
2020-12-24,0.12000,81.0,52.0
2020-12-25,0.08000,53.0,38.0
2020-12-26,0.00000,53.0,35.0
2020-12-27,0.00000,70.0,37.0
2020-12-28,0.00000,76.0,50.0
2020-12-29,0.00000,75.0,53.0
2020-12-30,0.00001,77.0,56.0
2020-12-31,0.00001,83.0,66.0
2021-01-01,0.00000,83.0,66.0
2021-01-02,0.00001,83.0,66.0
2021-01-03,0.02000,70.0,58.0
2021-01-04,0.00000,67.0,47.0
2021-01-05,0.00000,70.0,45.0
2021-01-06,0.00000,69.0,43.0
2021-01-07,0.00000,74.0,52.0
2021-01-08,0.16000,68.0,50.0
2021-01-09,0.00000,57.0,42.0
2021-01-10,0.00000,63.0,37.0
2021-01-11,0.00000,75.0,50.0
2021-01-12,0.00000,65.0,55.0
2021-01-13,0.01000,59.0,51.0
2021-01-14,0.00001,64.0,46.0
2021-01-15,0.03000,74.0,42.0
2021-01-16,0.00000,62.0,47.0
2021-01-17,0.00000,60.0,40.0
2021-01-18,0.00000,66.0,45.0
2021-01-19,0.00000,70.0,40.0
2021-01-20,0.00000,72.0,45.0
2021-01-21,0.00000,77.0,48.0
2021-01-22,0.00000,78.0,53.0
2021-01-23,0.07000,65.0,57.0
2021-01-24,0.00000,79.0,56.0
2021-01-25,0.00000,82.0,60.0
2021-01-26,0.00000,77.0,57.0
2021-01-27,0.04000,82.0,60.0
2021-01-28,0.00000,70.0,45.0
2021-01-29,0.00000,66.0,44.0
2021-01-30,0.00000,72.0,45.0
2021-01-31,0.00000,78.0,52.0
2021-02-01,0.23000,67.0,44.0
2021-02-02,0.00000,55.0,41.0
2021-02-03,0.00000,59.0,37.0
2021-02-04,0.00000,66.0,35.0
2021-02-05,0.00000,79.0,42.0
2021-02-06,0.05000,73.0,55.0
2021-02-07,0.18000,80.0,60.0
2021-02-08,0.00001,72.0,58.0
2021-02-09,0.00000,86.0,67.0
2021-02-10,0.00000,85.0,67.0
2021-02-11,0.01000,84.0,62.0
2021-02-12,0.00000,83.0,63.0
2021-02-13,0.60000,81.0,66.0
2021-02-14,1.08000,87.0,68.0
2021-02-15,0.00000,87.0,67.0
2021-02-16,0.35000,76.0,63.0
2021-02-17,0.02000,68.0,60.0
2021-02-18,0.00001,87.0,65.0
2021-02-19,0.02000,87.0,54.0
2021-02-20,0.00000,67.0,49.0
2021-02-21,0.00000,73.0,50.0
2021-02-22,0.00001,82.0,55.0
2021-02-23,0.00000,76.0,57.0
2021-02-24,0.00000,81.0,54.0
2021-02-25,0.00000,81.0,55.0
2021-02-26,0.00000,83.0,55.0
2021-02-27,0.00000,87.0,64.0
2021-02-28,0.00000,88.0,67.0
2021-03-01,0.00000,87.0,68.0
2021-03-02,0.05000,82.0,63.0
2021-03-03,0.47000,75.0,57.0
2021-03-04,0.00000,74.0,55.0
2021-03-05,0.00000,77.0,51.0
2021-03-06,0.00001,70.0,56.0
2021-03-07,0.00001,69.0,48.0
2021-03-08,0.00000,71.0,46.0
2021-03-09,0.00000,75.0,51.0
2021-03-10,0.00000,76.0,53.0
2021-03-11,0.00000,79.0,55.0
2021-03-12,0.00000,81.0,54.0
2021-03-13,0.00000,82.0,55.0
2021-03-14,0.00000,83.0,56.0
2021-03-15,0.00000,84.0,60.0
2021-03-16,0.00000,86.0,62.0
2021-03-17,0.00000,88.0,64.0
2021-03-18,0.00001,89.0,66.0
2021-03-19,0.00000,75.0,56.0
2021-03-20,0.00000,69.0,53.0
2021-03-21,0.00001,62.0,52.0
2021-03-22,0.03000,74.0,56.0
2021-03-23,0.00000,80.0,53.0
2021-03-24,0.00000,84.0,56.0
2021-03-25,0.00000,91.0,64.0
2021-03-26,0.00000,89.0,70.0
2021-03-27,0.00000,90.0,65.0
2021-03-28,0.00000,90.0,67.0
2021-03-29,0.00000,82.0,67.0
2021-03-30,0.00001,87.0,65.0
2021-03-31,1.48000,89.0,67.0
2021-04-01,0.00000,77.0,54.0
2021-04-02,0.00000,66.0,48.0
2021-04-03,0.00000,72.0,48.0
2021-04-04,0.00000,75.0,52.0
2021-04-05,0.00000,78.0,52.0
2021-04-06,0.00000,80.0,55.0
2021-04-07,0.00000,82.0,56.0
2021-04-08,0.00000,83.0,58.0
2021-04-09,0.00000,86.0,60.0
2021-04-10,0.25000,90.0,64.0
2021-04-11,1.40000,70.0,58.0
2021-04-12,0.00000,84.0,61.0
2021-04-13,0.00000,90.0,57.0
2021-04-14,0.00000,87.0,63.0
2021-04-15,0.05000,87.0,64.0
2021-04-16,0.00001,85.0,69.0
2021-04-17,0.00000,88.0,69.0
2021-04-18,0.30000,85.0,69.0
2021-04-19,0.40000,75.0,68.0
2021-04-20,2.52000,76.0,66.0
2021-04-21,0.00000,85.0,68.0
2021-04-22,0.00000,80.0,60.0
2021-04-23,0.00000,80.0,60.0
2021-04-24,0.00000,88.0,67.0
2021-04-25,1.42000,87.0,67.0
2021-04-26,0.00000,84.0,64.0
2021-04-27,0.00000,82.0,64.0
2021-04-28,0.00000,84.0,63.0
2021-04-29,0.00000,90.0,68.0
2021-04-30,0.00000,90.0,70.0
2021-05-01,0.00000,89.0,72.0
2021-05-02,0.00000,92.0,72.0
2021-05-03,0.00001,94.0,71.0
2021-05-04,0.13000,94.0,72.0
2021-05-05,0.00000,93.0,73.0
2021-05-06,0.00001,92.0,73.0
2021-05-07,0.00000,84.0,65.0
2021-05-08,0.00000,86.0,61.0
2021-05-09,0.00000,90.0,65.0
2021-05-10,0.00000,93.0,71.0
2021-05-11,0.00000,91.0,71.0
2021-05-12,0.01000,90.0,72.0
2021-05-13,0.00000,80.0,69.0
2021-05-14,0.00000,86.0,64.0
2021-05-15,0.00000,86.0,64.0
2021-05-16,0.00000,84.0,65.0
2021-05-17,0.00001,84.0,63.0
2021-05-18,0.00001,86.0,68.0
2021-05-19,0.00001,86.0,68.0
2021-05-20,0.03000,85.0,69.0
2021-05-21,0.00001,86.0,67.0
2021-05-22,0.00000,86.0,64.0
2021-05-23,0.00000,87.0,63.0
2021-05-24,0.00000,89.0,63.0
2021-05-25,0.00000,91.0,66.0
2021-05-26,0.00000,92.0,67.0
2021-05-27,0.00000,92.0,68.0
2021-05-28,0.00000,94.0,69.0
2021-05-29,0.00001,93.0,73.0
2021-05-30,0.00000,92.0,70.0
2021-05-31,0.00000,88.0,72.0
2021-06-01,0.00000,93.0,67.0
2021-06-02,0.00001,89.0,71.0
2021-06-03,0.05000,89.0,71.0
2021-06-04,0.20000,90.0,72.0
2021-06-05,0.05000,90.0,72.0
2021-06-06,0.00001,93.0,74.0
2021-06-07,0.00000,93.0,77.0
2021-06-08,0.00000,94.0,74.0
2021-06-09,0.00000,94.0,73.0
2021-06-10,0.00000,94.0,72.0
2021-06-11,0.00000,96.0,74.0
2021-06-12,0.09000,96.0,74.0
2021-06-13,0.36000,90.0,71.0
2021-06-14,0.94000,91.0,72.0
2021-06-15,0.10000,88.0,73.0
2021-06-16,0.11000,89.0,73.0
2021-06-17,0.00000,88.0,71.0
2021-06-18,0.00001,90.0,72.0
2021-06-19,0.00000,93.0,77.0
2021-06-20,0.00001,94.0,77.0
2021-06-21,0.63000,93.0,72.0
2021-06-22,1.12000,93.0,72.0
2021-06-23,0.21000,92.0,72.0
2021-06-24,1.96000,88.0,71.0
2021-06-25,0.12000,86.0,73.0
2021-06-26,0.11000,87.0,73.0
2021-06-27,0.00001,90.0,74.0
2021-06-28,0.00000,90.0,74.0
2021-06-29,0.27000,87.0,73.0
2021-06-30,0.74000,87.0,74.0
2021-07-01,0.13000,87.0,73.0
2021-07-02,0.04000,86.0,71.0
2021-07-03,0.61000,79.0,72.0
2021-07-04,0.00000,91.0,73.0
2021-07-05,0.01000,91.0,73.0
2021-07-06,0.01000,87.0,73.0
2021-07-07,0.69000,88.0,75.0
2021-07-08,0.37000,90.0,73.0
2021-07-09,0.07000,94.0,74.0
2021-07-10,0.00001,95.0,73.0
2021-07-11,0.03000,92.0,77.0
2021-07-12,0.08000,90.0,72.0
2021-07-13,0.00001,91.0,73.0
2021-07-14,0.12000,90.0,76.0
2021-07-15,0.00000,93.0,75.0
2021-07-16,0.00000,94.0,75.0
2021-07-17,0.00000,94.0,76.0
2021-07-18,0.01000,95.0,76.0
2021-07-19,1.64000,94.0,74.0
2021-07-20,0.16000,94.0,74.0
2021-07-21,0.00001,93.0,75.0
2021-07-22,0.35000,97.0,78.0
2021-07-23,0.47000,93.0,76.0
2021-07-24,0.00001,94.0,76.0
2021-07-25,0.00001,95.0,77.0
2021-07-26,0.00001,93.0,76.0
2021-07-27,0.38000,92.0,77.0
2021-07-28,0.97000,92.0,75.0
2021-07-29,0.30000,94.0,75.0
2021-07-30,0.00000,94.0,75.0
2021-07-31,0.00000,95.0,77.0
2021-08-01,0.12000,94.0,78.0
2021-08-02,0.55000,94.0,75.0
2021-08-03,0.00001,90.0,76.0
2021-08-04,0.16000,87.0,75.0
2021-08-05,0.00000,90.0,75.0
2021-08-06,2.49000,96.0,75.0
2021-08-07,0.00001,96.0,76.0
2021-08-08,0.01000,97.0,77.0
2021-08-09,0.00000,94.0,78.0
2021-08-10,0.00000,92.0,77.0
2021-08-11,0.60000,91.0,77.0
2021-08-12,0.00001,94.0,77.0
2021-08-13,0.07000,92.0,77.0
2021-08-14,0.06000,90.0,77.0
2021-08-15,0.06000,89.0,77.0
2021-08-16,0.24000,93.0,79.0
2021-08-17,0.00000,95.0,78.0
2021-08-18,0.00000,95.0,79.0
2021-08-19,0.00000,97.0,78.0
2021-08-20,0.72000,98.0,76.0
2021-08-21,0.00001,96.0,77.0
2021-08-22,0.00000,95.0,77.0
2021-08-23,0.00000,90.0,78.0
2021-08-24,0.40000,92.0,72.0
2021-08-25,0.00000,93.0,72.0
2021-08-26,0.35000,92.0,73.0
2021-08-27,0.31000,88.0,77.0
2021-08-28,0.00001,92.0,78.0
2021-08-29,0.00000,94.0,79.0
2021-08-30,0.00000,94.0,77.0
2021-08-31,0.00000,95.0,77.0
2021-09-01,0.00001,87.0,76.0
2021-09-02,0.92000,93.0,75.0
2021-09-03,0.30000,94.0,75.0
2021-09-04,0.00001,95.0,76.0
2021-09-05,0.00001,94.0,75.0
2021-09-06,0.31000,93.0,76.0
2021-09-07,0.19000,94.0,76.0
2021-09-08,1.75000,93.0,75.0
2021-09-09,0.10000,86.0,75.0
2021-09-10,0.00001,92.0,75.0
2021-09-11,0.05000,90.0,75.0
2021-09-12,0.13000,90.0,77.0
2021-09-13,0.00001,93.0,77.0
2021-09-14,0.27000,88.0,75.0
2021-09-15,0.00001,92.0,75.0
2021-09-16,0.04000,90.0,75.0
2021-09-17,0.13000,90.0,76.0
2021-09-18,0.02000,91.0,76.0
2021-09-19,0.10000,90.0,75.0
2021-09-20,0.23000,91.0,75.0
2021-09-21,0.01000,92.0,75.0
2021-09-22,1.02000,91.0,74.0
2021-09-23,0.08000,91.0,76.0
2021-09-24,0.00000,88.0,74.0
2021-09-25,0.00000,92.0,73.0
2021-09-26,0.00000,90.0,72.0
2021-09-27,0.00000,89.0,70.0
2021-09-28,0.00000,90.0,70.0
2021-09-29,0.00000,88.0,69.0
2021-09-30,0.00000,89.0,70.0
2021-10-01,0.18000,91.0,70.0
2021-10-02,0.00000,90.0,74.0
2021-10-03,0.00001,90.0,73.0
2021-10-04,0.00001,91.0,71.0
2021-10-05,0.00000,90.0,72.0
2021-10-06,0.00000,93.0,75.0
2021-10-07,0.00001,95.0,73.0
2021-10-08,0.37000,91.0,73.0
2021-10-09,0.00000,90.0,72.0
2021-10-10,0.00001,90.0,72.0
2021-10-11,0.22000,89.0,70.0
2021-10-12,0.00000,90.0,72.0
2021-10-13,0.09000,91.0,73.0
2021-10-14,0.00000,90.0,74.0
2021-10-15,0.00000,91.0,73.0
2021-10-16,0.00000,90.0,71.0
2021-10-17,0.00001,86.0,66.0
2021-10-18,0.00000,85.0,62.0
2021-10-19,0.00000,85.0,66.0
2021-10-20,0.00000,87.0,64.0
2021-10-21,0.00000,89.0,68.0
2021-10-22,0.00000,90.0,69.0
2021-10-23,0.00000,90.0,70.0
2021-10-24,1.03000,88.0,73.0
2021-10-25,0.04000,86.0,75.0
2021-10-26,0.00000,89.0,69.0
2021-10-27,0.00000,85.0,62.0
2021-10-28,1.26000,85.0,65.0
2021-10-29,0.01000,84.0,66.0
2021-10-30,0.01000,75.0,64.0
2021-10-31,0.00000,75.0,59.0
2021-11-01,0.00000,81.0,58.0
2021-11-02,0.00000,85.0,65.0
2021-11-03,0.00000,85.0,64.0
2021-11-04,0.01000,78.0,67.0
2021-11-05,2.46000,72.0,66.0
2021-11-06,0.02000,69.0,52.0
2021-11-07,0.00000,71.0,52.0
2021-11-08,0.00000,76.0,55.0
2021-11-09,0.00000,81.0,58.0
2021-11-10,0.24000,80.0,62.0
2021-11-11,0.60000,85.0,65.0
2021-11-12,0.01000,81.0,67.0
2021-11-13,0.00001,82.0,61.0
2021-11-14,0.00000,72.0,54.0
2021-11-15,0.00000,75.0,51.0
2021-11-16,0.00000,80.0,52.0
2021-11-17,0.00000,83.0,59.0
2021-11-18,0.04000,80.0,66.0
2021-11-19,0.56000,83.0,69.0
2021-11-20,0.12000,75.0,68.0
2021-11-21,0.00001,81.0,67.0
2021-11-22,0.11000,75.0,64.0
2021-11-23,0.00000,67.0,50.0
2021-11-24,0.00000,75.0,50.0
2021-11-25,0.00000,79.0,56.0
2021-11-26,0.00000,78.0,56.0
2021-11-27,0.00000,72.0,50.0
2021-11-28,0.00001,69.0,51.0
2021-11-29,0.03000,71.0,52.0
2021-11-30,0.00000,73.0,47.0
2021-12-01,0.00000,78.0,51.0
2021-12-02,0.00000,76.0,54.0
2021-12-03,0.00000,77.0,51.0
2021-12-04,0.00000,77.0,51.0
2021-12-05,0.00000,80.0,57.0
2021-12-06,0.00000,84.0,60.0
2021-12-07,0.00000,81.0,62.0
2021-12-08,0.00000,84.0,61.0
2021-12-09,0.00000,80.0,66.0
2021-12-10,0.00000,84.0,62.0
2021-12-11,0.00000,85.0,62.0
2021-12-12,0.00001,86.0,62.0
2021-12-13,0.00000,85.0,64.0
2021-12-14,0.16000,82.0,66.0
2021-12-15,0.19000,79.0,64.0
2021-12-16,0.00001,84.0,68.0
2021-12-17,0.00000,83.0,63.0
2021-12-18,0.00000,84.0,64.0
2021-12-19,0.00001,86.0,71.0
2021-12-20,0.70000,76.0,65.0
2021-12-21,1.03000,74.0,60.0
2021-12-22,0.00000,66.0,51.0
2021-12-23,0.00000,73.0,49.0
2021-12-24,0.00000,78.0,53.0
2021-12-25,0.00000,79.0,54.0
2021-12-26,0.00000,80.0,54.0
2021-12-27,0.00000,80.0,57.0
2021-12-28,0.00000,81.0,58.0
2021-12-29,0.00000,83.0,60.0
2021-12-30,0.00000,82.0,62.0
2021-12-31,0.00000,84.0,62.0